,index,Price,Beds,Baths,Post_Time,Address,City,State,Zipcode,Lat,Long
0,0,"$1,361",1 Bed,1 Bath,1d ago,The District on La FronteraOur team has verified this property2811 La Frontera Blvd,Austin,TX, 78728,,
1,1,"$1,640",1 Bed,1 Bath,5d+ ago,Nolina FlatsOur team has verified this property8021 N Fm 620 Rd,Austin,TX, 78726,,
2,2,"$1,215",1 Bed,1 Bath,2h ago,Sonterra8801 N Fm 620 Rd,Austin,TX, 78726,,
3,3,"$1,370",1 Bed,1 Bath,4h ago,Landmark at Barton Creek1781 Spyglass Dr,Austin,TX, 78746,,
4,4,"$1,576",1 Bed,1 Bath,4h ago,Debut SocoOur team has verified this property3809 S Congress Ave,Austin,TX, 78704,,
5,5,"$1,339",1 Bed,1 Bath,4h ago,Camden Amber OaksOur team has verified this property9001 Amberglen Blvd,Austin,TX, 78729,,
6,6,"$1,312",1 Bed,1 Bath,5h ago,District at SoCoOur team has verified this property501 E Oltorf St,Austin,TX, 78704,,
7,7,"$1,306",1 Bed,1 Bath,8h ago,1507 HOUSTON STOur team has verified this property1507 Houston St ,Austin,TX, 78756,,
8,8,"$1,266",1 Bed,1 Bath,8h ago,3401 W PARMER LNOur team has verified this property3401 W Parmer Ln ,Austin,TX, 78727,,
9,9,"$1,193",1 Bed,1 Bath,8h ago,2336 DOUGLAS STOur team has verified this property2336 Douglas St ,Austin,TX, 78741,,
10,10,"$1,350",1 Bed,1 Bath,8h ago,500 E HIGHLAND MALL BLVDOur team has verified this property500 E Highland Mall Blvd,Austin,TX, 78752,,
11,11,"$1,525",1 Bed,1 Bath,8h ago,105 W 51STOur team has verified this property105 W 51st St ,Austin,TX, 78751,,
12,12,"$1,651",1 Bed,1 Bath,8h ago,801 SUGAREE AVEOur team has verified this property801 Sugaree Ave ,Austin,TX, 78757,,
13,13,"$1,375",1 Bed,1 Bath,8h ago,4800 STEINER RANCH BLVDOur team has verified this property4800 Steiner Ranch Blvd ,Austin,TX, 78732,,
14,14,"$1,200",1 Bed,1 Bath,8h ago,2121 DICKSON DROur team has verified this property2121 Dickson Dr ,Austin,TX, 78704,,
15,15,"$1,605",1 Bed,1 Bath,8h ago,2601 ESPERANZA CROSSINGOur team has verified this property2601 Esperanza Xing ,Austin,TX, 78758,,
16,16,"$1,576",1 Bed,1 Bath,8h ago,3601 S Congress Ave3601 S Congress Ave,Austin,TX, 78704,,
17,17,"$1,255",1 Bed,1 Bath,8h ago,8517 S I-35 Frontage Road8517 S Interstate 35,Austin,TX, 78744,,
18,18,"$1,229",1 Bed,1 Bath,9h ago,600 E FM 1626Our team has verified this property600 E Fm 1626,Austin,TX, 78748,,
19,19,"$1,427",1 Bed,1 Bath,9h ago,7731 MENCHACA RDOur team has verified this property7731 Menchaca Rd ,Austin,TX, 78745,,
20,20,"$1,369",1 Bed,1 Bath,9h ago,10701 SOUTH IH-35Our team has verified this property10701 S Interstate 35 ,Austin,TX, 78747,,
21,21,"$1,390",1 Bed,1 Bath,9h ago,3001 ESPERANZA CROSSINGOur team has verified this property3001 Esperanza Xing ,Austin,TX, 78758,,
22,22,"$1,360",1 Bed,1 Bath,10h ago,High Point Preserve9301 E Highway 290,Austin,TX, 78724,,
23,23,"$1,448",1 Bed,1 Bath,10h ago,Pioneer Hill1625 Edgeworth Bnd,Austin,TX, 78754,,
24,24,"$1,877",1 Bed,1 Bath,10h ago,4424 Jackson Ave,Austin,TX, 78731,,
25,25,"$1,335",1 Bed,1 Bath,10h ago,Bridge at Monarch Bluffs8515 S Interstate 35,Austin,TX, 78744,,
26,26,"$1,285",1 Bed,1 Bath,10h ago,3605 STECKOur team has verified this property3605 Steck Ave ,Austin,TX, 78759,,
27,27,"$1,269",1 Bed,1 Bath,10h ago,1600 ROYAL CREST DROur team has verified this property1600 Royal Crest Dr,Austin,TX, 78741,,
28,28,"$1,211",1 Bed,1 Bath,10h ago,2000 CEDAR BEND DROur team has verified this property2000 Cedar Bend Dr ,Austin,TX, 78758,,
29,29,"$2,395",1 Bed,1 Bath,10h ago,615 W 7TH STOur team has verified this property615 W 7th St ,Austin,TX, 78701,,
30,30,"$1,349",1 Bed,1 Bath,10h ago,8900 N IH 35Our team has verified this property8900 N Interstate 35 ,Austin,TX, 78753,,
31,31,"$1,308",1 Bed,1 Bath,10h ago,12007 N LAMAR BLVDOur team has verified this property12007 N Lamar Blvd ,Austin,TX, 78753,,
32,32,"$1,190",1 Bed,1 Bath,10h ago,12001 METRIC BLVDOur team has verified this property12001 Metric Blvd ,Austin,TX, 78758,,
33,33,"$1,375",1 Bed,1 Bath,10h ago,12205 N LAMAR BLVDOur team has verified this property12205 N Lamar Blvd ,Austin,TX, 78753,,
34,34,"$1,365",1 Bed,1 Bath,10h ago,12330 METRIC BLVDOur team has verified this property12330 Metric Blvd ,Austin,TX, 78758,,
35,35,"$1,455",1 Bed,1 Bath,10h ago,13401 METRIC BLVDOur team has verified this property13401 Metric Blvd ,Austin,TX, 78727,,
36,36,"$1,175",1 Bed,1 Bath,10h ago,4021 STECK AVEOur team has verified this property4021 Steck Ave ,Austin,TX, 78759,,
37,37,"$2,200",1 Bed,1 Bath,10h ago,301 BRAZOS STOur team has verified this property301 Brazos St ,Austin,TX, 78701,,
38,38,"$1,700",1 Bed,1 Bath,10h ago,7201 FM 2222Our team has verified this property7201 Ranch Road 2222 ,Austin,TX, 78730,,
39,39,"$1,275",1 Bed,1 Bath,10h ago,2600 SCOFIELD RIDGE PKWYOur team has verified this property2600 Scofield Ridge Pkwy ,Austin,TX, 78727,,
40,40,"$1,210",1 Bed,1 Bath,10h ago,7227 E HWY 290Our team has verified this property7227 E Highway 290 ,Austin,TX, 78723,,
41,41,"$2,107",1 Bed,1 Bath,10h ago,110 SAN ANTONIO STOur team has verified this property110 San Antonio St ,Austin,TX, 78701,,
42,42,"$1,568",1 Bed,1 Bath,10h ago,2832 E MARTIN LUTHER KING BLVDOur team has verified this property2832 E Martin Luther King Jr Blvd ,Austin,TX, 78702,,
43,43,"$1,535",1 Bed,1 Bath,10h ago,6000 ED BLUESTEIN BLVDOur team has verified this property6000 Ed Bluestein Blvd ,Austin,TX, 78723,,
44,44,"$1,497",1 Bed,1 Bath,10h ago,12430 METRIC BLVDOur team has verified this property12430 Metric Blvd ,Austin,TX, 78758,,
45,45,"$2,978",1 Bed,1 Bath,10h ago,303 W 5TH STOur team has verified this property303 W 5th St ,Austin,TX, 78701,,
46,46,"$2,725",1 Bed,1 Bath,10h ago,401 GUADALUPEOur team has verified this property401 Guadalupe St ,Austin,TX, 78701,,
47,47,"$3,089",1 Bed,1 Bath,10h ago,101 COLORADO STOur team has verified this property101 Colorado St ,Austin,TX, 78701,,
48,48,"$1,212",1 Bed,1 Bath,10h ago,1901 E ANDERSON LNOur team has verified this property1901 E Anderson Ln,Austin,TX, 78752,,
49,49,"$1,844",1 Bed,1 Bath,10h ago,2025 EAST 7TH STOur team has verified this property2025 E 7th St ,Austin,TX, 78702,,
50,50,"$1,201",1 Bed,1 Bath,11h ago,3543 GREYSTONE DROur team has verified this property3543 Greystone Dr ,Austin,TX, 78731,,
51,51,"$1,615",1 Bed,1 Bath,11h ago,7500 W SLAUGHTER LNOur team has verified this property7500 W Slaughter Ln ,Austin,TX, 78749,,
52,52,"$1,294",1 Bed,1 Bath,11h ago,3400 SHORELINE DROur team has verified this property3400 Shoreline Dr ,Austin,TX, 78728,,
53,53,"$1,337",1 Bed,1 Bath,11h ago,7880 W HWY 290Our team has verified this property7880 Highway 290 W ,Austin,TX, 78736,,
54,54,"$1,283",1 Bed,1 Bath,11h ago,8000 US 290 WESTOur team has verified this property8000 Highway 290 W ,Austin,TX, 78736,,
55,55,"$1,275",1 Bed,1 Bath,11h ago,5001 CONVICT HILL DR.Our team has verified this property5001 Convict Hill Rd ,Austin,TX, 78749,,
56,56,"$1,233",1 Bed,1 Bath,11h ago,3101 SHORELINE DROur team has verified this property3101 Shoreline Dr ,Austin,TX, 78728,,
57,57,"$1,477",1 Bed,1 Bath,18h ago,Gallery at DomainOur team has verified this property11119 Alterra Pkwy,Austin,TX, 78758,,
58,58,"$1,409",1 Bed,1 Bath,19h ago,3801 W Parmer Ln3801 W Parmer Ln,Austin,TX, 78727,,
59,59,"$1,485",1 Bed,1 Bath,19h ago,8504 S Congress Ave8504 S Congress Ave,Austin,TX, 78745,,
60,60,"$1,619",1 Bed,1 Bath,19h ago,1600 W 38th St1600 W 38th St,Austin,TX, 78731,,
61,61,"$1,425",1 Bed,1 Bath,19h ago,7310 E Riverside Dr7310 E Riverside Dr,Austin,TX, 78741,,
62,62,"$1,608",1 Bed,1 Bath,19h ago,6920 Menchaca Rd6920 Menchaca Rd,Austin,TX, 78745,,
63,63,"$1,477",1 Bed,1 Bath,19h ago,15900 Ranch Road 620 N15900 Ranch Road 620 N,Austin,TX, 78717,,
64,64,"$1,736",1 Bed,1 Bath,19h ago,12351 N Interstate 3512351 N Interstate 35,Austin,TX, 78753,,
65,65,"$1,350",1 Bed,1 Bath,19h ago,5002 N Lamar Blvd5002 N Lamar Blvd,Austin,TX, 78751,,
66,66,"$2,086",1 Bed,1 Bath,19h ago,10712 Burnet Rd10712 Burnet Rd,Austin,TX, 78758,,
67,67,"$1,830",1 Bed,1 Bath,19h ago,3211 Feathergrass Ct3211 Feathergrass Ct,Austin,TX, 78758,,
68,68,"$2,049",1 Bed,1 Bath,19h ago,2700 Esperanza Xing2700 Esperanza Xing,Austin,TX, 78758,,
69,69,"$1,599",1 Bed,1 Bath,19h ago,11800 Domain Dr11800 Domain Dr,Austin,TX, 78758,,
70,70,"$1,545",1 Bed,1 Bath,19h ago,2800 Esperanza Xing2800 Esperanza Xing,Austin,TX, 78758,,
71,71,"$1,568",1 Bed,1 Bath,19h ago,6205 N Lamar Blvd6205 N Lamar Blvd,Austin,TX, 78752,,
72,72,"$1,625",1 Bed,1 Bath,19h ago,6001 Middle Fiskville Rd6001 Middle Fiskville Rd,Austin,TX, 78752,,
73,73,"$1,556",1 Bed,1 Bath,19h ago,505 W Yager Ln505 W Yager Ln,Austin,TX, 78753,,
74,74,"$1,602",1 Bed,1 Bath,19h ago,11410 Century Oaks Ter11410 Century Oaks Ter,Austin,TX, 78758,,
75,75,"$1,410",1 Bed,1 Bath,19h ago,11010 Georgian Dr11010 Georgian Dr,Austin,TX, 78753,,
76,76,"$1,341",1 Bed,1 Bath,19h ago,7544 N Lamar Blvd7544 N Lamar Blvd,Austin,TX, 78752,,
77,77,"$1,315",1 Bed,1 Bath,19h ago,11806 N Lamar Blvd11806 N Lamar Blvd,Austin,TX, 78753,,
78,78,"$1,602",1 Bed,1 Bath,19h ago,11901 N Mopac Expy11901 N Mopac Expy,Austin,TX, 78759,,
79,79,"$1,510",1 Bed,1 Bath,19h ago,12550 Metric Blvd12550 Metric Blvd,Austin,TX, 78727,,
80,80,"$1,735",1 Bed,1 Bath,19h ago,7701 N Lamar Blvd7701 N Lamar Blvd,Austin,TX, 78752,,
81,81,"$1,635",1 Bed,1 Bath,19h ago,3707 S 2nd St3707 S 2nd St,Austin,TX, 78704,,
82,82,"$1,795",1 Bed,1 Bath,19h ago,7008 Colberg Ct7008 Colberg Ct,Austin,TX, 78749,,
83,83,"$1,461",1 Bed,1 Bath,19h ago,6507 Jester Blvd6507 Jester Blvd,Austin,TX, 78750,,
84,84,"$1,588",1 Bed,1 Bath,19h ago,10901 Domain Dr10901 Domain Dr,Austin,TX, 78758,,
85,85,"$1,703",1 Bed,1 Bath,19h ago,1003 Barton Springs Rd1003 Barton Springs Rd,Austin,TX, 78704,,
86,86,"$2,460",1 Bed,1 Bath,19h ago,405 Red River St405 Red River St,Austin,TX, 78701,,
87,87,"$1,556",1 Bed,1 Bath,19h ago,11000 Lakeline Blvd11000 Lakeline Blvd,Austin,TX, 78717,,
88,88,"$1,235",1 Bed,1 Bath,19h ago,9900 W Parmer Ln9900 W Parmer Ln,Austin,TX, 78717,,
89,89,"$1,471",1 Bed,1 Bath,19h ago,14900 Avery Ranch Blvd14900 Avery Ranch Blvd,Austin,TX, 78717,,
90,90,"$1,433",1 Bed,1 Bath,19h ago,9420 Spectrum Dr9420 Spectrum Dr,Austin,TX, 78717,,
91,91,"$1,525",1 Bed,1 Bath,19h ago,6016 Dillard Cir6016 Dillard Cir,Austin,TX, 78752,,
92,92,"$1,524",1 Bed,1 Bath,19h ago,10500 Metropolitan Dr10500 Metropolitan Dr,Austin,TX, 78758,,
93,93,"$1,515",1 Bed,1 Bath,19h ago,11104 Domain Dr11104 Domain Dr,Austin,TX, 78758,,
94,94,"$1,754",1 Bed,1 Bath,19h ago,2911 San Jacinto Blvd2911 San Jacinto Blvd,Austin,TX, 78705,,
95,95,"$1,399",1 Bed,1 Bath,19h ago,6108 E Riverside Dr6108 E Riverside Dr,Austin,TX, 78741,,
96,96,"$2,431",1 Bed,1 Bath,19h ago,1014 E 10th St1014 E 10th St,Austin,TX, 78702,,
97,97,"$1,585",1 Bed,1 Bath,19h ago,5315 Ed Bluestein Blvd5315 Ed Bluestein Blvd,Austin,TX, 78723,,
98,98,"$1,825",1 Bed,1 Bath,19h ago,4301 W William Cannon Dr4301 W William Cannon Dr,Austin,TX, 78749,,
99,99,"$1,715",1 Bed,1 Bath,19h ago,771 Airport Blvd771 Airport Blvd,Austin,TX, 78702,,
100,100,"$1,825",1 Bed,1 Bath,19h ago,702 Shady Ln702 Shady Ln,Austin,TX, 78702,,
101,101,"$1,550",1 Bed,1 Bath,19h ago,501 Bastrop Hwy N501 Bastrop Hwy N,Austin,TX, 78741,,
102,102,"$1,796",1 Bed,1 Bath,19h ago,707 E Cesar Chavez St707 E Cesar Chavez St,Austin,TX, 78701,,
103,103,"$1,746",1 Bed,1 Bath,19h ago,1005 Springdale Rd1005 Springdale Rd,Austin,TX, 78721,,
104,104,"$1,952",1 Bed,1 Bath,19h ago,2805 Manor Rd2805 Manor Rd,Austin,TX, 78722,,
105,105,"$1,735",1 Bed,1 Bath,19h ago,4305 Airport Blvd4305 Airport Blvd,Austin,TX, 78722,,
106,106,"$1,915",1 Bed,1 Bath,19h ago,15 Waller St15 Waller St,Austin,TX, 78702,,
107,107,"$2,012",1 Bed,1 Bath,19h ago,2200 Aldrich St2200 Aldrich St,Austin,TX, 78723,,
108,108,"$2,122",1 Bed,1 Bath,19h ago,1830 Simond Ave1830 Simond Ave,Austin,TX, 78723,,
109,109,"$1,375",1 Bed,1 Bath,19h ago,501 E 53rd St501 E 53rd St,Austin,TX, 78751,,
110,110,"$1,490",1 Bed,1 Bath,19h ago,2433 S Pleasant Valley Rd2433 S Pleasant Valley Rd,Austin,TX, 78741,,
111,111,"$1,712",1 Bed,1 Bath,19h ago,1308 W Koenig Ln1308 W Koenig Ln,Austin,TX, 78756,,
112,112,"$1,329",1 Bed,1 Bath,19h ago,1101 Wheatley Ave1101 Wheatley Ave,Austin,TX, 78752,,
113,113,"$1,767",1 Bed,1 Bath,19h ago,6106 Cameron Rd6106 Cameron Rd,Austin,TX, 78723,,
114,114,"$1,485",1 Bed,1 Bath,19h ago,2403 E 16th St2403 E 16th St,Austin,TX, 78702,,
115,115,"$1,605",1 Bed,1 Bath,19h ago,1805 Airport Commerce Dr1805 Airport Commerce Dr,Austin,TX, 78741,,
116,116,"$1,780",1 Bed,1 Bath,19h ago,5000 Springdale Rd5000 Springdale Rd,Austin,TX, 78723,,
117,117,"$1,634",1 Bed,1 Bath,19h ago,2824 Real St2824 Real St,Austin,TX, 78722,,
118,118,"$1,513",1 Bed,1 Bath,19h ago,1621 E Parmer Ln1621 E Parmer Ln,Austin,TX, 78753,,
119,119,"$1,520",1 Bed,1 Bath,19h ago,1701 E Parmer Ln1701 E Parmer Ln,Austin,TX, 78754,,
120,120,"$1,488",1 Bed,1 Bath,19h ago,12001 Dessau Rd12001 Dessau Rd,Austin,TX, 78754,,
121,121,"$1,505",1 Bed,1 Bath,19h ago,8225 Cross Park Dr8225 Cross Park Dr,Austin,TX, 78714,,
122,122,"$1,415",1 Bed,1 Bath,19h ago,221 E Parmer Ln221 E Parmer Ln,Austin,TX, 78753,,
123,123,"$1,379",1 Bed,1 Bath,19h ago,500 Canyon Ridge Dr500 Canyon Ridge Dr,Austin,TX, 78753,,
124,124,"$1,289",1 Bed,1 Bath,19h ago,12625 N Interstate 3512625 N Interstate 35,Austin,TX, 78753,,
125,125,"$1,260",1 Bed,1 Bath,19h ago,12601 Tech Ridge Blvd12601 Tech Ridge Blvd,Austin,TX, 78753,,
126,126,"$1,450",1 Bed,1 Bath,19h ago,1528 E Parmer Ln1528 E Parmer Ln,Austin,TX, 78753,,
127,127,"$1,200",1 Bed,1 Bath,19h ago,701 E Parmer Ln701 E Parmer Ln,Austin,TX, 78753,,
128,128,"$1,425",1 Bed,1 Bath,19h ago,1021 E Parmer Ln1021 E Parmer Ln,Austin,TX, 78753,,
129,129,"$2,649",1 Bed,1 Bath,19h ago,405 Lavaca St405 Lavaca St,Austin,TX, 78701,,
130,130,"$3,045",1 Bed,1 Bath,19h ago,1000 E 11th St1000 E 11th St,Austin,TX, 78702,,
131,131,"$1,450",1 Bed,1 Bath,19h ago,3711 Shoreline Dr3711 Shoreline Dr,Austin,TX, 78728,,
132,132,"$1,610",1 Bed,1 Bath,19h ago,16009 FM 132516009 Fm 1325,Austin,TX, 78728,,
133,133,"$1,520",1 Bed,1 Bath,19h ago,3501 Wells Branch Pkwy3501 Wells Branch Pkwy,Austin,TX, 78728,,
134,134,"$1,242",1 Bed,1 Bath,19h ago,15300 Bratton Ln15300 Bratton Ln,Austin,TX, 78728,,
135,135,"$1,587",1 Bed,1 Bath,19h ago,6934 E Ben White Blvd6934 E Ben White Blvd,Austin,TX, 78741,,
136,136,"$1,453",1 Bed,1 Bath,19h ago,8708 S Congress Ave8708 S Congress Ave,Austin,TX, 78745,,
137,137,"$2,107",1 Bed,1 Bath,19h ago,1405 E Riverside Dr1405 E Riverside Dr,Austin,TX, 78741,,
138,138,"$2,066",1 Bed,1 Bath,19h ago,1330 Shore District Dr1330 Shore District Dr,Austin,TX, 78741,,
139,139,"$1,445",1 Bed,1 Bath,19h ago,6821 Ranchito Dr6821 Ranchito Dr,Austin,TX, 78744,,
140,140,"$1,399",1 Bed,1 Bath,19h ago,10701 S 1st St10701 S 1st St,Austin,TX, 78748,,
141,141,"$1,612",1 Bed,1 Bath,19h ago,2538 Elmont Dr2538 Elmont Dr,Austin,TX, 78741,,
142,142,"$1,419",1 Bed,1 Bath,19h ago,1830 Oak Hill Ln1830 Oak Hill Ln,Austin,TX, 78744,,
143,143,"$1,578",1 Bed,1 Bath,19h ago,8601 Bluff Springs Rd8601 Bluff Springs Rd,Austin,TX, 78744,,
144,144,"$1,488",1 Bed,1 Bath,19h ago,9600 Old Lockhart Rd9600 Old Lockhart Rd,Austin,TX, 78747,,
145,145,"$1,620",1 Bed,1 Bath,19h ago,2500 Montopolis Dr2500 Montopolis Dr,Austin,TX, 78741,,
146,146,"$1,599",1 Bed,1 Bath,19h ago,2505 E Riverside Dr2505 E Riverside Dr,Austin,TX, 78741,,
147,147,"$1,565",1 Bed,1 Bath,19h ago,8700 FM 969 Rd8700 Fm 969 Rd,Austin,TX, 78724,,
148,148,"$1,630",1 Bed,1 Bath,19h ago,1701 Smith Rd1701 Smith Rd,Austin,TX, 78721,,
149,149,"$1,944",1 Bed,1 Bath,19h ago,3501 Red River St3501 Red River St,Austin,TX, 78705,,
150,150,"$2,000",1 Bed,1 Bath,19h ago,4807 Burnet Rd4807 Burnet Rd,Austin,TX, 78756,,
151,151,"$1,711",1 Bed,1 Bath,19h ago,5607 N Lamar Blvd5607 N Lamar Blvd,Austin,TX, 78751,,
152,152,"$1,679",1 Bed,1 Bath,19h ago,101 E North Loop Blvd101 E North Loop Blvd,Austin,TX, 78751,,
153,153,"$1,475",1 Bed,1 Bath,19h ago,7015 W Highway 2907015 W Highway 290,Austin,TX, 78735,,
154,154,"$2,555",1 Bed,1 Bath,19h ago,1220 S Congress Ave1220 S Congress Ave,Austin,TX, 78704,,
155,155,"$1,988",1 Bed,1 Bath,19h ago,Exclusive Living at Domain - 6 Weeks FREEExclusive Living at Domain - 6 Weeks FREE,Austin,TX, 78758,,
156,156,"$2,630",1 Bed,1 Bath,19h ago,78701 - Live Behind the Velvet Rope78701 78701 - Live Behind the Velvet Rope,Austin,TX, 78701,,
157,157,"$1,900",1 Bed,1 Bath,19h ago,Luxury,Location,Li,festyl,,
158,158,"$1,151",1 Bed,1 Bath,19h ago,12707 Nutty Brown Rd12707 Nutty Brown Rd,Austin,TX, 78737,,
159,159,"$1,559",1 Bed,1 Bath,19h ago,211 E William Cannon Dr211 E William Cannon Dr,Austin,TX, 78745,,
160,160,"$1,478",1 Bed,1 Bath,19h ago,6305 Manchaca Rd6305 Menchaca Rd,Austin,TX, 78745,,
161,161,"$3,218",1 Bed,1 Bath,19h ago,217 Congress Ave217 Congress Ave,Austin,TX, 78701,,
162,162,"$2,720",1 Bed,1 Bath,19h ago,401 W 2nd St401 W 2nd St,Austin,TX, 78701,,
163,163,"$2,330",1 Bed,1 Bath,19h ago,700 W 6th St700 W 6th St,Austin,TX, 78701,,
164,164,"$2,011",1 Bed,1 Bath,19h ago,900 E 11th St900 E 11th St,Austin,TX, 78702,,
165,165,"$1,860",1 Bed,1 Bath,19h ago,4711 E 7th St4711 E 7th St,Austin,TX, 78702,,
166,166,"$1,728",1 Bed,1 Bath,19h ago,622 Morrow St622 Morrow St,Austin,TX, 78752,,
167,167,"$2,325",1 Bed,1 Bath,19h ago,90 Rainey St90 Rainey St,Austin,TX, 78701,,
168,168,"$1,399",1 Bed,1 Bath,19h ago,8203 Bluff Springs Rd8203 Bluff Springs Rd,Austin,TX, 78744,,
169,169,"$1,550",1 Bed,1 Bath,19h ago,1509 S Lamar Blvd1509 S Lamar Blvd,Austin,TX, 78704,,
170,170,"$1,563",1 Bed,1 Bath,19h ago,700 W 45th St700 W 45th St,Austin,TX, 78751,,
171,171,"$1,540",1 Bed,1 Bath,19h ago,5300 Riata Park Ct5300 Riata Park Ct,Austin,TX, 78727,,
172,172,"$1,609",1 Bed,1 Bath,19h ago,8301 S Interstate 358301 S Interstate 35,Austin,TX, 78744,,
173,173,"$1,508",1 Bed,1 Bath,19h ago,120 W Slaughter Ln120 W Slaughter Ln,Austin,TX, 78748,,
174,174,"$1,738",1 Bed,1 Bath,19h ago,4930 S Congress Ave4930 S Congress Ave,Austin,TX, 78745,,
175,175,"$1,490",1 Bed,1 Bath,19h ago,7300 S Interstate 357300 S Interstate 35,Austin,TX, 78745,,
176,176,"$1,795",1 Bed,1 Bath,19h ago,3508 S Lamar Blvd3508 S Lamar Blvd,Austin,TX, 78704,,
177,177,"$3,111",1 Bed,1 Bath,19h ago,1728 Barton Springs Rd1728 Barton Springs Rd,Austin,TX, 78704,,
178,178,"$1,821",1 Bed,1 Bath,19h ago,1704 E 5th St1704 E 5th St,Austin,TX, 78702,,
179,179,"$2,215",1 Bed,1 Bath,19h ago,1700 S Lamar Blvd1700 S Lamar Blvd,Austin,TX, 78704,,
180,180,"$2,036",1 Bed,1 Bath,19h ago,1601 E 5th St1601 E 5th St,Austin,TX, 78702,,
181,181,"$2,175",1 Bed,1 Bath,19h ago,1600 W 5th St1600 W 5th St,Austin,TX, 78703,,
182,182,"$2,154",1 Bed,1 Bath,19h ago,1404 E Riverside Dr1404 E Riverside Dr,Austin,TX, 78741,,
183,183,"$2,351",1 Bed,1 Bath,19h ago,1315 W 6th St1315 W 6th St,Austin,TX, 78703,,
184,184,"$2,085",1 Bed,1 Bath,19h ago,1103 E 6th St1103 E 6th St,Austin,TX, 78702,,
185,185,"$2,130",1 Bed,1 Bath,19h ago,912 Red River St912 Red River St,Austin,TX, 78701,,
186,186,"$2,731",1 Bed,1 Bath,19h ago,907 W 5th St907 W 5th St,Austin,TX, 78703,,
187,187,"$1,895",1 Bed,1 Bath,19h ago,900 Chicon St900 Chicon St,Austin,TX, 78702,,
188,188,"$2,750",1 Bed,1 Bath,19h ago,817 W 5th St817 W 5th St,Austin,TX, 78703,,
189,189,"$2,100",1 Bed,1 Bath,19h ago,1303 S Lamar Blvd1303 S Lamar Blvd,Austin,TX, 78704,,
190,190,"$1,346",1 Bed,1 Bath,19h ago,517 E Oltorf St517 E Oltorf St,Austin,TX, 78704,,
191,191,"$2,680",1 Bed,1 Bath,19h ago,501 W 3rd St501 W 3rd St,Austin,TX, 78701,,
192,192,"$2,940",1 Bed,1 Bath,19h ago,306 Barton Springs Rd306 Barton Springs Rd,Austin,TX, 78704,,
193,193,"$2,739",1 Bed,1 Bath,19h ago,301 W 3rd St301 W 3rd St,Austin,TX, 78701,,
194,194,"$2,420",1 Bed,1 Bath,19h ago,222 West Ave222 West Ave,Austin,TX, 78701,,
195,195,"$2,659",1 Bed,1 Bath,19h ago,215 S Lamar Blvd215 S Lamar Blvd,Austin,TX, 78704,,
196,196,"$2,529",1 Bed,1 Bath,19h ago,211 E Riverside Dr211 E Riverside Dr,Austin,TX, 78704,,
197,197,"$1,785",1 Bed,1 Bath,19h ago,Just East of Ordinary - East Austin That Is2400 Just East of Ordinary - East Austin That Is,Austin,TX, 78702,,
198,198,"$1,699",1 Bed,1 Bath,19h ago,2700 Barton Creek Blvd2700 Barton Creek Blvd,Austin,TX, 78735,,
199,199,"$2,653",1 Bed,1 Bath,19h ago,425 W Riverside Dr425 W Riverside Dr,Austin,TX, 78704,,
200,200,"$1,455",1 Bed,1 Bath,19h ago,1300 S Pleasant Valley Rd1300 S Pleasant Valley Rd,Austin,TX, 78741,,
201,201,"$2,005",1 Bed,1 Bath,19h ago,316 N Lamar Blvd316 N Lamar Blvd,Austin,TX, 78703,,
202,202,"$2,085",1 Bed,1 Bath,19h ago,Lakeside Lakeview Luxury Living85 Lakeside Lakeview Luxury Living,Austin,TX, 78701,,
203,203,"$1,753",1 Bed,1 Bath,19h ago,78702 - Stunning in East 6th Corridor78702 78702 - Stunning in East 6th Corridor,Austin,TX, 78702,,
204,204,"$1,670",1 Bed,1 Bath,19h ago,1808 Miriam Ave,Austin,TX, 78702,,
205,205,"$1,739",1 Bed,1 Bath,20h ago,FIVEtwo at HighlandOur team has verified this property110 Jacob Fontaine Ln,Austin,TX, 78752,,
206,206,"$1,585",1 Bed,1 Bath,20h ago,Bell Quarry HillOur team has verified this property7000 Convict Hill Rd,Austin,TX, 78749,,
207,207,"$1,991",1 Bed,1 Bath,20h ago,The Grand at the DomainOur team has verified this property11009 Alterra Pkwy,Austin,TX, 78758,,
208,208,"$1,419",1 Bed,1 Bath,20h ago,Canyon SpringsOur team has verified this property7700 N Capital Of Texas Hwy,Austin,TX, 78731,,
209,209,"$2,313",1 Bed,1 Bath,20h ago,404 Rio GrandeOur team has verified this property404 Rio Grande St,Austin,TX, 78701,,
210,210,"$1,358",1 Bed,1 Bath,20h ago,East Vue Ranch ApartmentsOur team has verified this property460 Bastrop Hwy S,Austin,TX, 78741,,
211,211,"$2,909",1 Bed,1 Bath,20h ago,The BowieOur team has verified this property311 Bowie St,Austin,TX, 78703,,
212,212,"$1,967",1 Bed,1 Bath,20h ago,Gables Central Park TexasOur team has verified this property800 W 38th St,Austin,TX, 78705,,
213,213,"$1,375",1 Bed,1 Bath,20h ago,Lantana RidgeOur team has verified this property6636 W William Cannon Dr,Austin,TX, 78735,,
214,214,"$1,858",1 Bed,1 Bath,20h ago,Berkshire RiverviewOur team has verified this property1300 E Riverside Dr,Austin,TX, 78741,,
215,215,"$1,209",1 Bed,1 Bath,20h ago,South Congress CommonsOur team has verified this property126 W Alpine Rd,Austin,TX, 78704,,
216,216,"$1,274",1 Bed,1 Bath,21h ago,TerraOur team has verified this property8300 Bluff Springs Rd,Austin,TX, 78744,,
217,217,"$1,298",1 Bed,1 Bath,21h ago,Highlands Hill CountryOur team has verified this property3014 W William Cannon Dr,Austin,TX, 78745,,
218,218,"$1,640",1 Bed,1 Bath,21h ago,Nolina FlatsOur team has verified this property8021 N Fm 620 Rd,Austin,TX, 78726,,
219,219,"$1,775",1 Bed,1 Bath,22h ago,The Venue on GuadalupeOur team has verified this property2815 Guadalupe Street,Austin,TX, 78705,,
220,220,"$1,874",1 Bed,1 Bath,23h ago,7626 Tecoma Cir,Austin,TX, 78735,,
221,221,"$1,219",1 Bed,1 Bath,1d ago,7631 US HWY 290 WESTOur team has verified this property7631 Highway 290 W ,Austin,TX, 78736,,
222,222,"$1,165",1 Bed,1 Bath,1d ago,1114 CAMINO LA COSTAOur team has verified this property1114 Camino La Costa ,Austin,TX, 78752,,
223,223,"$2,896",1 Bed,1 Bath,1d ago,214 BARTON SPRINGS RDOur team has verified this property214 Barton Springs Rd ,Austin,TX, 78704,,
224,224,"$1,406",1 Bed,1 Bath,1d ago,2202 ENFIELD RDOur team has verified this property2202 Enfield Rd ,Austin,TX, 78703,,
225,225,"$1,520",1 Bed,1 Bath,1d ago,710 E 3RD STOur team has verified this property710 E 3rd St ,Austin,TX, 78701,,
226,226,"$2,760",1 Bed,1 Bath,1d ago,5629 N Lamar BlvdOur team has verified this property5629 N Lamar Blvd ,Austin,TX, 78751,,
227,227,"$1,310",1 Bed,1 Bath,1d ago,Ellwood at Lake TravisOur team has verified this property7655 N Fm 620 Rd,Austin,TX, 78726,,
228,228,"$1,143",1 Bed,1 Bath,1d ago,Estates at NorwoodOur team has verified this property916 Norwood Park Blvd,Austin,TX, 78753,,
229,229,"$1,937",1 Bed,1 Bath,1d ago,11011 Domain Drive,Suite 8100Our team has verified this property11011 Domain Dr,Au,"stin, ",,
230,230,"$1,903",1 Bed,1 Bath,1d ago,4301 Grand Avenue ParkwayOur team has verified this property4301 Grand Avenue Pkwy ,Austin,TX, 78728,,
231,231,"$2,114",1 Bed,1 Bath,1d ago,6107 East Riverside DriveOur team has verified this property6107 E Riverside Dr ,Austin,TX, 78741,,
232,232,"$1,365",1 Bed,1 Bath,1d ago,2601 PENNY LNOur team has verified this property2601 Penny Ln ,Austin,TX, 78757,,
233,233,"$1,314",1 Bed,1 Bath,1d ago,5401 E PARMER LNOur team has verified this property5401 E Parmer Ln ,Austin,TX, 78754,,
234,234,"$1,275",1 Bed,1 Bath,1d ago,9009 NORTH FM 620Our team has verified this property9009 N Fm 620 Rd ,Austin,TX, 78726,,
235,235,"$1,324",1 Bed,1 Bath,1d ago,11210 FM 2222Our team has verified this property11210 Ranch Road 2222 ,Austin,TX, 78730,,
236,236,"$1,181",1 Bed,1 Bath,1d ago,3500 GREYSTONEOur team has verified this property3500 Greystone Dr ,Austin,TX, 78731,,
237,237,"$1,359",1 Bed,1 Bath,1d ago,9308 S 1st STOur team has verified this property9308 S 1st St,Austin,TX, 78748,,
238,238,"$1,429",1 Bed,1 Bath,1d ago,3501 SHORELINE DROur team has verified this property3501 Shoreline Dr ,Austin,TX, 78728,,
239,239,"$1,759",1 Bed,1 Bath,1d ago,4700 N CAPITAL OF TEXAS HWYOur team has verified this property4700 N Capital Of Texas Hwy ,Austin,TX, 78746,,
240,240,"$1,269",1 Bed,1 Bath,1d ago,4821 E RIVERSIDEOur team has verified this property4821 E Riverside Dr ,Austin,TX, 78741,,
241,241,"$1,485",1 Bed,1 Bath,1d ago,500 E STASSNEY LNOur team has verified this property500 E Stassney Ln ,Austin,TX, 78745,,
242,242,"$1,743",1 Bed,1 Bath,1d ago,5705 DIEHL TRAILOur team has verified this property5705 Diehl Trl ,Austin,TX, 78727,,
243,243,"$1,500",1 Bed,1 Bath,1d ago,2435 RIVERSIDE DROur team has verified this property2435 E Riverside Dr ,Austin,TX, 78741,,
244,244,"$1,279",1 Bed,1 Bath,1d ago,715 W. SLAUGHTER LANEOur team has verified this property715 W Slaughter Ln ,Austin,TX, 78748,,
245,245,"$1,700",1 Bed,1 Bath,1d ago,12601 BEE CAVES PARKWAYOur team has verified this property12601 Bee Cave Pkwy ,Austin,TX, 78738,,
246,246,"$1,510",1 Bed,1 Bath,1d ago,8715 W HIGHWAY 71Our team has verified this property8715 W Highway 71 ,Austin,TX, 78735,,
247,247,"$1,599",1 Bed,1 Bath,1d ago,Edison Riverside4711 E Riverside Dr,Austin,TX, 78741,,
248,248,"$1,302",1 Bed,1 Bath,1d ago,Estates at Bee Cave3544 Ranch Road 620 S,Austin,TX, 78738,,
249,249,"$1,828",1 Bed,1 Bath,1d ago,Residences at SaltilloOur team has verified this property1211 E 5th St,Austin,TX, 78702,,
250,250,"$1,536",1 Bed,1 Bath,1d ago,8350 BLUFF SPRINGS RDOur team has verified this property8350 Bluff Springs Rd ,Austin,TX, 78744,,
251,251,"$1,170",1 Bed,1 Bath,1d ago,2317 S PLEASANT VALLEY RDOur team has verified this property2317 S Pleasant Valley Rd ,Austin,TX, 78741,,
252,252,"$1,275",1 Bed,1 Bath,1d ago,515 E SLAUGHTER LNOur team has verified this property515 E Slaughter Ln ,Austin,TX, 78744,,
253,253,"$1,360",1 Bed,1 Bath,1d ago,2005 WILLOW CREEKOur team has verified this property2005 Willow Creek Dr ,Austin,TX, 78741,,
254,254,"$1,310",1 Bed,1 Bath,1d ago,6307 BLUFF SPRINGS RD.Our team has verified this property6307 Bluff Springs Rd ,Austin,TX, 78744,,
255,255,"$1,154",1 Bed,1 Bath,1d ago,1910 WILLOW CREEK DROur team has verified this property1910 Willow Creek Dr ,Austin,TX, 78741,,
256,256,"$1,647",1 Bed,1 Bath,1d ago,2823 E MLKOur team has verified this property2823 E Martin Luther King Jr Blvd ,Austin,TX, 78702,,
257,257,"$1,385",1 Bed,1 Bath,1d ago,300 FERGUSON DRIVEOur team has verified this property300 Ferguson Dr,Austin,TX, 78753,,
258,258,"$1,545",1 Bed,1 Bath,1d ago,135 FOREMOST DROur team has verified this property135 Foremost Dr ,Austin,TX, 78745,,
259,259,"$2,110",1 Bed,1 Bath,1d ago,115 SANDRA MURAIDA WAYOur team has verified this property115 Sandra Muraida Way ,Austin,TX, 78703,,
260,260,"$1,350",1 Bed,1 Bath,1d ago,2810 SALADO STOur team has verified this property2810 Salado St,Austin,TX, 78705,,
261,261,"$1,425",1 Bed,1 Bath,1d ago,8600 W STATE HWY 71Our team has verified this property8600 W Highway 71 ,Austin,TX, 78735,,
262,262,"$1,279",1 Bed,1 Bath,1d ago,10505 S IH 35 FRONTAGE RDOur team has verified this propertyS Interstate 35 Frontage Rd ,Austin,TX, 73301,,
263,263,"$1,416",1 Bed,1 Bath,1d ago,9323 MENCHACA RDOur team has verified this property9323 Menchaca Rd ,Austin,TX, 78748,,
264,264,"$1,373",1 Bed,1 Bath,1d ago,400 W ST ELMO RDOur team has verified this property400 W Saint Elmo Rd ,Austin,TX, 78745,,
265,265,"$1,395",1 Bed,1 Bath,1d ago,8800 HWY 290 WOur team has verified this property8800 Highway 290 W ,Austin,TX, 78736,,
266,266,"$1,760",1 Bed,1 Bath,1d ago,4009 SABIO DROur team has verified this property4009 Sabio Dr ,Austin,TX, 78749,,
267,267,"$1,428",1 Bed,1 Bath,1d ago,6500 CHAMPION GRANDVIEW  WAYOur team has verified this property6500 Champion Grandview Way ,Austin,TX, 78750,,
268,268,"$1,643",1 Bed,1 Bath,1d ago,12601 INNOVAR CIROur team has verified this propertyInnovar Cir ,Austin,TX, 78754,,
269,269,"$1,349",1 Bed,1 Bath,1d ago,2207 SOUTH 5TH STOur team has verified this property2207 S 5th St ,Austin,TX, 78704,,
270,270,"$1,848",1 Bed,1 Bath,1d ago,1211 EAST 5TH STOur team has verified this property1211 E 5th St ,Austin,TX, 78702,,
271,271,"$1,770",1 Bed,1 Bath,1d ago,4910 E 7TH STOur team has verified this property4910 E 7th St ,Austin,TX, 78702,,
272,272,"$2,264",1 Bed,1 Bath,1d ago,300 S. LAMAROur team has verified this property300 S Lamar Blvd ,Austin,TX, 78704,,
273,273,"$1,884",1 Bed,1 Bath,1d ago,2401 ALDRICH STOur team has verified this property2401 Aldrich St ,Austin,TX, 78723,,
274,274,"$1,659",1 Bed,1 Bath,1d ago,13500 LYNDHURST STOur team has verified this property13500 Lyndhurst St ,Austin,TX, 78717,,
275,275,"$1,987",1 Bed,1 Bath,1d ago,1000 SAN MARCOS STOur team has verified this property1000 San Marcos St ,Austin,TX, 78702,,
276,276,"$1,252",1 Bed,1 Bath,1d ago,1845 BURTON DROur team has verified this property1845 Burton Dr ,Austin,TX, 78741,,
277,277,"$2,570",1 Bed,1 Bath,1d ago,700 E 11THSTOur team has verified this property700 E 11THST ,Austin,TX, 78701,,
278,278,"$1,567",1 Bed,1 Bath,1d ago,2515 ELMONT DROur team has verified this property2515 Elmont Dr,Austin,TX, 78741,,
279,279,"$1,325",1 Bed,1 Bath,1d ago,5301 DECKER LNOur team has verified this property5301 Decker Ln ,Austin,TX, 78724,,
280,280,"$1,399",1 Bed,1 Bath,1d ago,15450 FM 1325Our team has verified this property15450 Fm 1325 ,Austin,TX, 78728,,
281,281,"$1,150",1 Bed,1 Bath,1d ago,1200 BROADMOOR DRIVEOur team has verified this property1200 Broadmoor Dr ,Austin,TX, 78723,,
282,282,"$1,319",1 Bed,1 Bath,1d ago,3600 GREYSTONEOur team has verified this property3600 Greystone Dr ,Austin,TX, 78731,,
283,283,"$1,630",1 Bed,1 Bath,1d ago,13100 AVERY RANCH BLVDOur team has verified this property13100 Avery Ranch Blvd ,Austin,TX, 78717,,
284,284,"$1,254",1 Bed,1 Bath,1d ago,8800 N IH 35Our team has verified this property8800 N Interstate 35 ,Austin,TX, 78753,,
285,285,"$1,203",1 Bed,1 Bath,1d ago,1801 RIO GRANDE STOur team has verified this property1801 Rio Grande St ,Austin,TX, 78701,,
286,286,"$2,500",1 Bed,1 Bath,1d ago,212 W HIGHLAND MALL BLVDOur team has verified this property212 W HIGHLAND MALL BLVD,Austin,TX, 78752,,
287,287,"$1,500",1 Bed,1 Bath,1d ago,8001 E WILLIAM CANNON DROur team has verified this propertyE William Cannon Dr,Austin,TX, 78744,,
288,288,"$1,537",1 Bed,1 Bath,1d ago,2716 BARTON CREEK BLVDOur team has verified this property2716 Barton Creek Blvd ,Austin,TX, 78735,,
289,289,"$1,681",1 Bed,1 Bath,1d ago,5350 BURNET RDOur team has verified this property5350 Burnet Rd ,Austin,TX, 78756,,
290,290,"$1,300",1 Bed,1 Bath,1d ago,2207 Leon St ,Austin,TX, 78705,,
291,291,"$1,205",1 Bed,1 Bath,1d ago,3106 Speedway3106 Speedway,Austin,TX, 78705,,
292,292,"$1,190",1 Bed,1 Bath,1d ago,12443 Tech Ridge Blvd.12443 Tech Ridge Blvd,Austin,TX, 78753,,
293,293,"$1,563",1 Bed,1 Bath,1d ago,Springs at Lakeline9239 Amberglen Blvd,Austin,TX, 78729,,
294,294,"$1,763",1 Bed,1 Bath,1d ago,7EAST2025 E 7th St,Austin,TX, 78702,,
295,295,"$1,744",1 Bed,1 Bath,1d ago,Pearl LantanaOur team has verified this property6401 Rialto Blvd,Austin,TX, 78735,,
296,296,"$1,569",1 Bed,1 Bath,1d ago,Camden Lamar HeightsOur team has verified this property5400 N Lamar Blvd,Austin,TX, 78751,,
297,297,"$1,499",1 Bed,1 Bath,1d ago,Camden Cedar HillsOur team has verified this property4100 W Slaughter Ln,Austin,TX, 78749,,
298,298,"$1,359",1 Bed,1 Bath,1d ago,Camden StoneleighOur team has verified this property4825 Davis Ln,Austin,TX, 78749,,
299,299,"$1,669",1 Bed,1 Bath,1d ago,Camden Gaines RanchOur team has verified this property4424 Gaines Ranch Loop,Austin,TX, 78735,,
300,300,"$3,310",1 Bed,1 Bath,1d ago,422 W Riverside Dr ,Austin,TX, 78704,,
301,301,"$1,480",1 Bed,1 Bath,1d ago,9220 North Interstate Highway 359220 N Interstate 35,Austin,TX, 78753,,
302,302,"$1,495",1 Bed,1 Bath,1d ago,1200 Treadwell Street1200 Treadwell St,Austin,TX, 78704,,
303,303,"$1,340",1 Bed,1 Bath,1d ago,7665 N Fm 620 Rd,Austin,TX, 78726,,
304,304,"$1,400",1 Bed,1 Bath,1d ago,Gracy Farms2700 Gracy Farms Ln,Austin,TX, 78758,,
305,305,"$1,300",1 Bed,1 Bath,1d ago,d Studio,Waterford Studio Apartments9100 Waterford Centre Blvd,Austin,TX, 78758,
306,306,"$1,780",1 Bed,1 Bath,1d ago,Alexan SpringdaleOur team has verified this property5521 Springdale Rd,Austin,TX, 78723,,
307,307,"$1,680",1 Bed,1 Bath,1d ago,The WeaverOur team has verified this property1401 Art Dilly Dr,Austin,TX, 78702,,
308,308,"$1,491",1 Bed,1 Bath,1d ago,Brightleaf at Lakeline ApartmentsOur team has verified this property14115 N Highway 183,Austin,TX, 78717,,
309,309,"$1,444",1 Bed,1 Bath,1d ago,Travis at the Lake2208 Ranch Road 620 N,Austin,TX, 78734,,
310,310,"$1,679",1 Bed,1 Bath,1d ago,Eastside StationOur team has verified this property1700 E 4th St,Austin,TX, 78702,,
311,311,"$1,245",1 Bed,1 Bath,1d ago,Ethos ApartmentsOur team has verified this property8001 S Interstate 35,Austin,TX, 78744,,
312,312,"$1,400",1 Bed,1 Bath,1d ago,Cypress McKinney FallsOur team has verified this property7000 Janes Ranch Rd,Austin,TX, 78744,,
313,313,"$1,339",1 Bed,1 Bath,1d ago,San MarinOur team has verified this property3625 Duval Rd,Austin,TX, 78759,,
314,314,"$1,521",1 Bed,1 Bath,1d ago,Meritage at Steiner Ranch4500 Steiner Ranch Blvd,Austin,TX, 78732,,
315,315,"$1,817",1 Bed,1 Bath,1d ago,Berkshire SantalOur team has verified this property7624 Tecoma Cir,Austin,TX, 78735,,
316,316,"$1,364",1 Bed,1 Bath,1d ago,Reveal at Onion CreekOur team has verified this property12000 S Interstate 35 Frontage Rd,Austin,TX, 73301,,
317,317,"$1,537",1 Bed,1 Bath,1d ago,Retreat at Barton CreekOur team has verified this property3816 S Lamar Blvd,Austin,TX, 78704,,
318,318,"$1,699",1 Bed,1 Bath,1d ago,The ShilohOur team has verified this property6811 Old Bee Caves Rd,Austin,TX, 78735,,
319,319,"$1,364",1 Bed,1 Bath,1d ago,Twelve100 ApartmentsOur team has verified this property12100 Metric Blvd,Austin,TX, 78758,,
320,320,"$1,099",1 Bed,1 Bath,1d ago,Stony Creek ApartmentsOur team has verified this property4911 Menchaca Rd,Austin,TX, 78745,,
321,321,"$1,554",1 Bed,1 Bath,1d ago,Mesa Verde3201 Duval Rd,Austin,TX, 78759,,
322,322,"$1,361",1 Bed,1 Bath,1d ago,The District on La FronteraOur team has verified this property2811 La Frontera Blvd,Austin,TX, 78728,,
323,323,"$1,309",1 Bed,1 Bath,1d ago,Midtown Commons810 W Saint Johns Ave,Austin,TX, 78752,,
324,324,"$1,525",1 Bed,1 Bath,1d ago,Windsor Republic Place5708 W Parmer Ln,Austin,TX, 78727,,
325,325,"$1,545",1 Bed,1 Bath,1d ago,Windsor Lantana Hills6701 Rialto Blvd,Austin,TX, 78735,,
326,326,"$1,963",1 Bed,1 Bath,1d ago,Lamar Union1100 S Lamar Blvd,Austin,TX, 78704,,
327,327,"$1,755",1 Bed,1 Bath,1d ago,Windsor South Lamar809 S Lamar Blvd,Austin,TX, 78704,,
328,328,"$1,580",1 Bed,1 Bath,1d ago,Gables at the Terrace2301 S Mopac Expy,Austin,TX, 78746,,
329,329,"$2,085",1 Bed,1 Bath,1d ago,Eleven by Windsor811 E 11th St,Austin,TX, 78702,,
330,330,"$2,425",1 Bed,1 Bath,1d ago,Windsor on the Lake43 Rainey St,Austin,TX, 78701,,
331,331,"$2,290",1 Bed,1 Bath,1d ago,The Monarch by Windsor801 W 5th St,Austin,TX, 78703,,
332,332,"$1,295",1 Bed,1 Bath,1d ago,Tramor at Victory PlaceOur team has verified this property4100 Victory Drive,Austin,TX, 78704,,
333,333,"$1,220",1 Bed,1 Bath,2d ago,Hyde Park Court ApartmentsWest 38th Street ,Hyde Park Court ApartmentsWest 38th Street #,Austin,TX, 78705,
334,334,"$2,800",1 Bed,1 Bath,2d ago,3201 Esperanza Xing ,Austin,TX, 78758,,
335,335,"$3,520",1 Bed,1 Bath,2d ago,1717 Toomey Rd ,Austin,TX, 78704,,
336,336,"$2,960",1 Bed,1 Bath,2d ago,300 S Lamar Blvd ,Austin,TX, 78704,,
337,337,"$3,400",1 Bed,1 Bath,2d ago,301 Brazos St ,Austin,TX, 78701,,
338,338,"$2,800",1 Bed,1 Bath,2d ago,1401 Art Dilly Dr ,Austin,TX, 78702,,
339,339,"$1,225",1 Bed,1 Bath,2d ago,6707 Berkman Dr ,Austin,TX, 78723,,
340,340,"$1,310",1 Bed,1 Bath,2d ago,St. Johns WestOur team has verified this property601 W Saint Johns Ave,Austin,TX, 78752,,
341,341,"$1,266",1 Bed,1 Bath,2d ago,9801 W PARMER LNOur team has verified this property9801 W Parmer Ln ,Austin,TX, 78717,,
342,342,"$1,635",1 Bed,1 Bath,2d ago,2509 MONTOPOLIS DROur team has verified this property2509 Montopolis Dr ,Austin,TX, 78741,,
343,343,"$1,165",1 Bed,1 Bath,2d ago,1044 CAMINO LA COSTAOur team has verified this property1044 Camino La Costa ,Austin,TX, 78752,,
344,344,"$1,600",1 Bed,1 Bath,2d ago,1401 ENFIELD RDOur team has verified this property1401 Enfield Rd ,Austin,TX, 78703,,
345,345,"$1,344",1 Bed,1 Bath,2d ago,9725 N LAKE CREEK PKWYOur team has verified this property9725 N Lake Creek Pkwy ,Austin,TX, 78717,,
346,346,"$1,615",1 Bed,1 Bath,2d ago,2001 ED BLUESTEIN BLVDOur team has verified this property2001 Ed Bluestein Blvd ,Austin,TX, 78721,,
347,347,"$1,425",1 Bed,1 Bath,2d ago,12101 N LAMAR BLVDOur team has verified this property12101 N Lamar Blvd ,Austin,TX, 78753,,
348,348,"$1,267",1 Bed,1 Bath,2d ago,2202 W NORTH LOOP BLVDOur team has verified this property2202 W North Loop Blvd ,Austin,TX, 78756,,
349,349,"$2,000",1 Bed,1 Bath,2d ago,400 COMAL STOur team has verified this property400 Comal St ,Austin,TX, 78702,,
350,350,"$1,665",1 Bed,1 Bath,2d ago,8818 TRAVIS HILLS DRIVEOur team has verified this property8818 Travis Hills Dr ,Austin,TX, 78735,,
351,351,"$1,399",1 Bed,1 Bath,2d ago,13201 LEGENDARY DROur team has verified this property13201 Legendary Dr ,Austin,TX, 78727,,
352,352,"$1,599",1 Bed,1 Bath,2d ago,5900 CAMERON RDOur team has verified this property5900 Cameron Rd ,Austin,TX, 78723,,
353,353,"$1,545",1 Bed,1 Bath,2d ago,3707 MENCHACAOur team has verified this property3707 Menchaca Rd ,Austin,TX, 78704,,
354,354,"$1,185",1 Bed,1 Bath,2d ago,1401 ST. EDWARDS DR.Our team has verified this property1401 Saint Edwards Dr ,Austin,TX, 78704,,
355,355,"$1,386",1 Bed,1 Bath,2d ago,1200 ESTANCIA PKWYOur team has verified this property1200 Estancia Pkwy ,Austin,TX, 78748,,
356,356,"$1,400",1 Bed,1 Bath,2d ago,1708 ENFIELD RDOur team has verified this property1708 Enfield Rd ,Austin,TX, 78703,,
357,357,"$1,150",1 Bed,1 Bath,2d ago,2606 ENFIELD RDOur team has verified this property2606 Enfield Rd ,Austin,TX, 78703,,
358,358,"$1,323",1 Bed,1 Bath,2d ago,1919 BURTON DROur team has verified this property1919 Burton Dr ,Austin,TX, 78741,,
359,359,"$1,703",1 Bed,1 Bath,2d ago,127 E RIVERSIDE DROur team has verified this property127 E Riverside Dr ,Austin,TX, 78704,,
360,360,"$1,622",1 Bed,1 Bath,2d ago,2511 W BRAKER LNOur team has verified this property2511 W Braker Ln ,Austin,TX, 78758,,
361,361,"$1,445",1 Bed,1 Bath,2d ago,8701 BLUFFSTONE COVEOur team has verified this property8701 Bluffstone Cv ,Austin,TX, 78759,,
362,362,"$1,201",1 Bed,1 Bath,2d ago,6001 SHEPHERD MOUNTAINOur team has verified this property6001 Shepherd Mountain Cv ,Austin,TX, 78730,,
363,363,"$1,340",1 Bed,1 Bath,2d ago,9900 MCNEIL DROur team has verified this property9900 Mcneil Dr ,Austin,TX, 78750,,
364,364,"$1,656",1 Bed,1 Bath,2d ago,9005 ALDERMAN DROur team has verified this property9005 Alderman Dr ,Austin,TX, 78747,,
365,365,"$1,299",1 Bed,1 Bath,2d ago,13301 DESSAU RDOur team has verified this property13301 Dessau Rd ,Austin,TX, 78754,,
366,366,"$1,800",1 Bed,1 Bath,2d ago,4811 WOODROW AVEOur team has verified this property4811 Woodrow Ave ,Austin,TX, 78756,,
367,367,"$2,057",1 Bed,1 Bath,2d ago,901 RED RIVEROur team has verified this property901 Red River St ,Austin,TX, 78701,,
368,368,"$2,870",1 Bed,1 Bath,2d ago,1109 N IH 35Our team has verified this property1109 N Interstate 35 ,Austin,TX, 78702,,
369,369,"$1,221",1 Bed,1 Bath,2d ago,1804 W RUNDBERG LNOur team has verified this property1804 W Rundberg Ln ,Austin,TX, 78758,,
370,370,"$1,262",1 Bed,1 Bath,2d ago,714 TURTLE CREEK BLVDOur team has verified this property714 Turtle Creek Blvd ,Austin,TX, 78745,,
371,371,"$2,095",1 Bed,1 Bath,2d ago,1620 E RIVERSIDEOur team has verified this property1620 E Riverside Dr ,Austin,TX, 78741,,
372,372,"$2,559",1 Bed,1 Bath,2d ago,421 W 3RD STOur team has verified this property421 W 3rd St ,Austin,TX, 78701,,
373,373,"$1,919",1 Bed,1 Bath,2d ago,1900 SIMOND AVEOur team has verified this property1900 Simond Ave ,Austin,TX, 78723,,
374,374,"$2,626",1 Bed,1 Bath,2d ago,201 LAVACA STOur team has verified this property201 Lavaca St ,Austin,TX, 78701,,
375,375,"$2,000",1 Bed,1 Bath,2d ago,1911 PHILOMENA STOur team has verified this property1911 Philomena St ,Austin,TX, 78723,,
376,376,"$2,086",1 Bed,1 Bath,2d ago,300 N LAMAR BLVDOur team has verified this property300 N Lamar Blvd ,Austin,TX, 78703,,
377,377,"$1,451",1 Bed,1 Bath,2d ago,8225 N FM 620Our team has verified this property8225 N Fm 620 Rd ,Austin,TX, 78726,,
378,378,"$1,989",1 Bed,1 Bath,2d ago,Camden Rainey StreetOur team has verified this property91 Rainey St,Austin,TX, 78701,,
379,379,"$1,429",1 Bed,1 Bath,2d ago,Camden Shadow BrookOur team has verified this property811 W Slaughter Ln,Austin,TX, 78748,,
380,380,"$1,584",1 Bed,1 Bath,2d ago,The Pearl Austin1301 W Koenig Ln,Austin,TX, 78756,,
381,381,"$1,350",1 Bed,1 Bath,2d ago,2406 Bluebonnet Ln2406 Bluebonnet Ln,Austin,TX, 78704,,
382,382,"$1,510",1 Bed,1 Bath,2d ago,Estates at Bee CaveOur team has verified this property3544 Ranch Road 620 S,Austin,TX, 78738,,
383,383,"$1,185",1 Bed,1 Bath,2d ago,412 E WILLIAM CANNONOur team has verified this property412 E William Cannon Dr,Austin,TX, 78745,,
384,384,"$1,685",1 Bed,1 Bath,2d ago,1333 SHORE DISTRICT DROur team has verified this property1333 Shore District Dr ,Austin,TX, 78741,,
385,385,"$1,250",1 Bed,1 Bath,2d ago,1720 WOOTEN PARK DRIVEOur team has verified this property1720 Wooten Park Dr ,Austin,TX, 78757,,
386,386,"$1,450",1 Bed,1 Bath,2d ago,Tides on North PlazaOur team has verified this property9200 North Plz,Austin,TX, 78753,,
387,387,"$1,270",1 Bed,1 Bath,2d ago,4701 STAGGERBRUSH RDOur team has verified this property4701 Staggerbrush Rd ,Austin,TX, 78749,,
388,388,"$1,399",1 Bed,1 Bath,2d ago,9301 OLD BEE CAVES ROADOur team has verified this property9301 Old Bee Caves Rd ,Austin,TX, 78735,,
389,389,"$1,219",1 Bed,1 Bath,2d ago,1911 WILLOW CREEK DROur team has verified this property1911 Willow Creek Dr ,Austin,TX, 78741,,
390,390,"$1,180",1 Bed,1 Bath,2d ago,7630 WOOD HOLLOW DROur team has verified this property7630 Wood Hollow Dr ,Austin,TX, 78731,,
391,391,"$1,229",1 Bed,1 Bath,2d ago,1300 SPYGLASS DROur team has verified this property1300 Spyglass Dr ,Austin,TX, 78746,,
392,392,"$2,110",1 Bed,1 Bath,2d ago,51 RAINEY STOur team has verified this property51 Rainey St ,Austin,TX, 78701,,
393,393,"$2,606",1 Bed,1 Bath,2d ago,501 BRAZOS STOur team has verified this property501 Brazos St ,Austin,TX, 78701,,
394,394,"$1,230",1 Bed,1 Bath,2d ago,8038 EXCHANGE DROur team has verified this property8038 Exchange Dr ,Austin,TX, 78754,,
395,395,"$1,355",1 Bed,1 Bath,2d ago,9400 W PARMEROur team has verified this property9400 W Parmer Ln ,Austin,TX, 78717,,
396,396,"$1,399",1 Bed,1 Bath,2d ago,2405 MONTOPOLISOur team has verified this property2405 Montopolis Dr ,Austin,TX, 78741,,
397,397,"$2,072",1 Bed,1 Bath,2d ago,1115 TOWN CREEK DROur team has verified this property1115 Town Creek Dr ,Austin,TX, 78741,,
398,398,"$1,479",1 Bed,1 Bath,2d ago,10800 LAKELINE BLVDOur team has verified this property10800 Lakeline Blvd ,Austin,TX, 78717,,
399,399,"$2,114",1 Bed,1 Bath,2d ago,300 WEST AVEOur team has verified this property300 West Ave ,Austin,TX, 78701,,
400,400,"$1,915",1 Bed,1 Bath,2d ago,2618 KRAMER LNOur team has verified this property2618 Kramer Ln ,Austin,TX, 78758,,
401,401,"$1,293",1 Bed,1 Bath,2d ago,8054 EXCHANGE DRIVEOur team has verified this property8054 Exchange Dr,Austin,TX, 78754,,
402,402,"$1,212",1 Bed,1 Bath,2d ago,12118 WALNUT PARK CROSSINGOur team has verified this property12118 Walnut Park Xing ,Austin,TX, 78753,,
403,403,"$1,370",1 Bed,1 Bath,2d ago,12408 DESSAU RDOur team has verified this property12408 Dessau Rd,Austin,TX, 78754,,
404,404,"$1,266",1 Bed,1 Bath,2d ago,9520 SPECTRUM DROur team has verified this property9520 Spectrum Dr ,Austin,TX, 78717,,
405,405,"$1,419",1 Bed,1 Bath,2d ago,2211 W NORTH LOOP BLVDOur team has verified this property2211 W North Loop Blvd ,Austin,TX, 78756,,
406,406,"$1,410",1 Bed,1 Bath,2d ago,Mariposa FlatsOur team has verified this property1901 Mariposa Dr,Austin,TX, 78741,,
407,407,"$1,174",1 Bed,1 Bath,2d ago,Short Hills NorthOur team has verified this property8033 Gessner Dr,Austin,TX, 78753,,
408,408,"$1,179",1 Bed,1 Bath,2d ago,3220 DUVAL RDOur team has verified this property3220 Duval Rd ,Austin,TX, 78759,,
409,409,"$1,770",1 Bed,1 Bath,2d ago,13460 LYNDHURST STOur team has verified this property13460 Lyndhurst St,Austin,TX, 78717,,
410,410,"$1,931",1 Bed,1 Bath,2d ago,422 WEST RIVERSIDE DROur team has verified this property422 W Riverside Dr ,Austin,TX, 78704,,
411,411,"$2,550",1 Bed,1 Bath,2d ago,2500 Longview St ,Austin,TX, 78705,,
412,412,"$2,250",1 Bed,1 Bath,2d ago,2500 Longview St ,Austin,TX, 78705,,
413,413,"$2,150",1 Bed,1 Bath,2d ago,2500 Longview St ,Austin,TX, 78705,,
414,414,"$1,400",1 Bed,1 Bath,2d ago,2408 Longview St ,Austin,TX, 78705,,
415,415,"$1,244",1 Bed,1 Bath,2d ago,The Villas of Quail CreekOur team has verified this property9036 N Lamar Blvd,Austin,TX, 78753,,
416,416,"$1,695",1 Bed,1 Bath,2d ago,1605 Newfield Ln,Austin,TX, 78703,,
417,417,"$1,345",1 Bed,1 Bath,2d ago,Urban VillasOur team has verified this property4411 Airport Blvd,Austin,TX, 78722,,
418,418,"$1,350",1 Bed,1 Bath,2d ago,Cedar Street Flats3707 Cedar St,Austin,TX, 78705,,
419,419,"$1,325",1 Bed,1 Bath,2d ago,6812 S Congress AveOur team has verified this property6812 S Congress Ave,Austin,TX, 78745,,
420,420,"$1,308",1 Bed,1 Bath,2d ago,Farmhouse ApartmentsOur team has verified this property10801 S Interstate 35 Frontage Rd,Austin,TX, 73301,,
421,421,"$1,495",1 Bed,1 Bath,2d ago,FloraOur team has verified this property5406 Middle Fiskville Rd,Austin,TX, 78751,,
422,422,"$1,046",1 Bed,1 Bath,2d ago,Grove at Northwest Hills3517 N Hills Dr,Austin,TX, 78731,,
423,423,"$1,404",1 Bed,1 Bath,2d ago,The Social ApartmentsOur team has verified this property1817 E Oltorf St,Austin,TX, 78741,,
424,424,"$1,249",1 Bed,1 Bath,2d ago,Hillside Villas ApartmentsOur team has verified this property2207 Wickersham Ln,Austin,TX, 78741,,
425,425,"$1,349",1 Bed,1 Bath,2d ago,Copper Mill ApartmentsOur team has verified this property10000 N Lamar Blvd,Austin,TX, 78753,,
426,426,"$1,279",1 Bed,1 Bath,2d ago,Lamar Place ApartmentsOur team has verified this property6309 Burns St,Austin,TX, 78752,,
427,427,"$1,125",1 Bed,1 Bath,2d ago,08300 N Interstate 35,Austin,TX, 78753,,
428,428,"$1,249",1 Bed,1 Bath,2d ago,Polaris on The ParkOur team has verified this property1720 Woodward St,Austin,TX, 78741,,
429,429,"$1,150",1 Bed,1 Bath,2d ago,The GarrisonOur team has verified this property1801 Fortview Rd,Austin,TX, 78704,,
430,430,"$1,418",1 Bed,1 Bath,2d ago,6510 Menchaca Rd,Austin,TX, 78745,,
431,431,"$1,814",1 Bed,1 Bath,2d ago,2910 Manor Rd,Austin,TX, 78722,,
432,432,"$1,989",1 Bed,1 Bath,2d ago,Noble 2500 Student ApartmentsOur team has verified this property2500 San Gabriel St,Austin,TX, 78705,,
433,433,"$2,185",1 Bed,1 Bath,2d ago,Overture Domain 55+ Active Adult Apartment Homes3100 Kramer Ln,Austin,TX, 78758,,
434,434,"$1,015",1 Bed,1 Bath,2d ago,Lodge at Merrilltown Senior CommunityOur team has verified this property14745 Merrilltown Drive,Austin,TX, 78728,,
435,435,"$1,395",1 Bed,1 Bath,2d ago,Villas at SouthportOur team has verified this property1508 Southport Drive,Austin,TX, 78704,,
436,436,"$1,442",1 Bed,1 Bath,2d ago,Axis West CampusOur team has verified this property2505 Longview Street,Austin,TX, 78705,,
437,437,"$2,660",1 Bed,1 Bath,3d ago,1717 Toomey Rd ,Austin,TX, 78704,,
438,438,"$1,272",1 Bed,1 Bath,3d ago,Paloma9911 Dessau Rd,Austin,TX, 78754,,
439,439,"$1,495",1 Bed,1 Bath,3d ago,Bellrock La FronteraOur team has verified this property16304 Fm 1325,Austin,TX, 78728,,
440,440,"$1,607",1 Bed,1 Bath,3d ago,Villas on GuadalupeOur team has verified this property2810 Hemphill Park,Austin,TX, 78705,,
441,441,"$1,439",1 Bed,1 Bath,3d ago,Camden HuntingdonOur team has verified this property12349 Metric Blvd,Austin,TX, 78758,,
442,442,"$1,250",1 Bed,1 Bath,3d ago,5001 Duval5001 Duval St,Austin,TX, 78751,,
443,443,"$1,450",1 Bed,1 Bath,3d ago,3414 - 3436 Willowrun Dr3414 3414 - 3436 Willowrun Dr,Austin,TX, 78704,,
444,444,"$1,350",1 Bed,1 Bath,3d ago,1701 OAK HILL LNOur team has verified this property1701 Oak Hill Ln ,Austin,TX, 78744,,
445,445,"$1,304",1 Bed,1 Bath,3d ago,1301 W 9TH STOur team has verified this property1301 W 9th St ,Austin,TX, 78703,,
446,446,"$1,349",1 Bed,1 Bath,3d ago,820 CAMINO VAQUERO PKWYOur team has verified this property820 Camino Vaquero Pkwy ,Austin,TX, 78748,,
447,447,"$1,587",1 Bed,1 Bath,3d ago,6936 E BEN WHITE BLVDOur team has verified this property6936 E Ben White Blvd ,Austin,TX, 78741,,
448,448,"$1,245",1 Bed,1 Bath,3d ago,5800 Wellington DrOur team has verified this property5800 Wellington Dr ,Austin,TX, 78723,,
449,449,"$1,350",1 Bed,1 Bath,3d ago,5701 S MOPAC EXPWYOur team has verified this property5701 S Mopac Expy,Austin,TX, 78749,,
450,450,"$3,200",1 Bed,1 Bath,3d ago,360 Nueces St360 Nueces St,Austin,TX, 78701,,
451,451,"$1,445",1 Bed,1 Bath,3d ago,305 W 39TH STOur team has verified this property305 W 39th St,Austin,TX, 78751,,
452,452,"$1,395",1 Bed,1 Bath,3d ago,600 E 53RD STOur team has verified this property600 E 53rd St,Austin,TX, 78751,,
453,453,"$1,395",1 Bed,1 Bath,3d ago,700 HEARN STOur team has verified this property700 Hearn St,Austin,TX, 78703,,
454,454,"$1,388",1 Bed,1 Bath,3d ago,501 E. STASSNEY LANEOur team has verified this property501 E Stassney Ln,Austin,TX, 78745,,
455,455,"$1,295",1 Bed,1 Bath,3d ago,4548 AVENUE AOur team has verified this property4548 Avenue A,Austin,TX, 78751,,
456,456,"$1,395",1 Bed,1 Bath,3d ago,4310 AVENUE BOur team has verified this property4310 Avenue B,Austin,TX, 78751,,
457,457,"$1,380",1 Bed,1 Bath,3d ago,5200 N LAMAR BLVDOur team has verified this property5200 N Lamar Blvd ,Austin,TX, 78751,,
458,458,"$1,917",1 Bed,1 Bath,3d ago,1611 WEST 5TH STREETOur team has verified this property1611 W 5th St ,Austin,TX, 78703,,
459,459,"$1,239",1 Bed,1 Bath,3d ago,333 E SLAUGHTER LNOur team has verified this property333 E Slaughter Ln ,Austin,TX, 78744,,
460,460,"$1,427",1 Bed,1 Bath,3d ago,3201 CENTURY PARK BLVDOur team has verified this property3201 Century Park Blvd ,Austin,TX, 78727,,
461,461,"$2,875",1 Bed,1 Bath,3d ago,1155 BARTON SPRINGS RDOur team has verified this property1155 Barton Springs Rd,Austin,TX, 78704,,
462,462,"$1,165",1 Bed,1 Bath,3d ago,6103 MANOR ROADOur team has verified this property6103 Manor Rd ,Austin,TX, 78723,,
463,463,"$1,194",1 Bed,1 Bath,3d ago,11900 HOBBY HORSE CTOur team has verified this property11900 Hobby Horse Ct ,Austin,TX, 78758,,
464,464,"$1,741",1 Bed,1 Bath,3d ago,3233 HARMON AVEOur team has verified this property3233 Harmon Ave ,Austin,TX, 78705,,
465,465,"$1,350",1 Bed,1 Bath,3d ago,4025 DUVAL RDOur team has verified this property4025 Duval Rd,Austin,TX, 78759,,
466,466,"$1,530",1 Bed,1 Bath,3d ago,168 BELTERRA VILLAGE WAYOur team has verified this property168 Belterra Village Way ,Austin,TX, 78737,,
467,467,"$1,150",1 Bed,1 Bath,3d ago,3200 S 1st StOur team has verified this property3200 S 1st St ,Austin,TX, 78704,,
468,468,"$2,209",1 Bed,1 Bath,3d ago,1515 S LAMAR BLVDOur team has verified this property1515 S Lamar Blvd,Austin,TX, 78704,,
469,469,"$1,324",1 Bed,1 Bath,3d ago,1900 BURTON DR.Our team has verified this property1900 Burton Dr ,Austin,TX, 78741,,
470,470,"$1,467",1 Bed,1 Bath,3d ago,4501 E RIVERSIDEOur team has verified this property4501 E Riverside Dr ,Austin,TX, 78741,,
471,471,"$1,450",1 Bed,1 Bath,3d ago,1800 S IH 35  FRONTAGE RDOur team has verified this propertyS Interstate 35,Austin,TX, 78704,,
472,472,"$1,478",1 Bed,1 Bath,3d ago,4900 E OLTORF STOur team has verified this property4900 E Oltorf St ,Austin,TX, 78741,,
473,473,"$1,350",1 Bed,1 Bath,3d ago,912 W 22nd 1/2 St ,Austin,TX, 78705,,
474,474,"$1,364",1 Bed,1 Bath,3d ago,402 E. 30th Street,Austin,TX, 78705,,
475,475,"$1,200",1 Bed,1 Bath,3d ago,3206 King St ,Austin,TX, 78705,,
476,476,"$1,500",1 Bed,1 Bath,3d ago,Ed Bluestein Blvd ,Austin,TX, 78721,,
477,477,"$3,309",1 Bed,1 Bath,3d ago,W 5th St ,Austin,TX, 78701,,
478,478,"$2,784",1 Bed,1 Bath,3d ago,Brazos St ,Austin,TX, 78701,,
479,479,"$2,762",1 Bed,1 Bath,3d ago,W 5th St ,Austin,TX, 78701,,
480,480,"$1,219",1 Bed,1 Bath,3d ago,FoxwoodOur team has verified this property6503 Bluff Springs Rd,Austin,TX, 78744,,
481,481,"$1,890",1 Bed,1 Bath,3d ago,StarlightOur team has verified this property2901 Manor Rd,Austin,TX, 78722,,
482,482,"$1,250",1 Bed,1 Bath,3d ago,1800 Patton Ln,Austin,TX, 78723,,
483,483,"$1,325",1 Bed,1 Bath,3d ago,6812 S Congress Ave ,Austin,TX, 78745,,
484,484,"$1,325",1 Bed,1 Bath,3d ago,1800 Patton Ln,Austin,TX, 78723,,
485,485,"$1,199",1 Bed,1 Bath,3d ago,803 Tirado St ,Austin,TX, 78752,,
486,486,"$1,225",1 Bed,1 Bath,3d ago,6707 Berkman Dr ,Austin,TX, 78723,,
487,487,"$1,199",1 Bed,1 Bath,3d ago,803-809 Tirado StOur team has verified this property803 Tirado St,Austin,TX, 78752,,
488,488,"$1,482",1 Bed,1 Bath,3d ago,Moonlight8901 Nuckols Crossing Rd,Austin,TX, 78747,,
489,489,"$1,295",1 Bed,1 Bath,3d ago,Ironhorse FlatsOur team has verified this property1930 W Rundberg Ln,Austin,TX, 78758,,
490,490,"$1,232",1 Bed,1 Bath,3d ago,Argosy at CrestviewOur team has verified this property1003 Justin Ln,Austin,TX, 78757,,
491,491,"$2,410",1 Bed,1 Bath,3d ago,Gables Park Tower111 Sandra Muraida Way,Austin,TX, 78703,,
492,492,"$1,125",1 Bed,1 Bath,3d ago,The Ivy Apartments8912 N Lamar Blvd,Austin,TX, 78753,,
493,493,"$1,510",1 Bed,1 Bath,3d ago,Tambaleo 22082208 S 5th St,Austin,TX, 78704,,
494,494,"$1,462",1 Bed,1 Bath,3d ago,Timbercreek Apartments614 S 1st St,Austin,TX, 78704,,
495,495,"$1,399",1 Bed,1 Bath,3d ago,Tambaleo Apartments2201 S 5th St,Austin,TX, 78704,,
496,496,"$1,295",1 Bed,1 Bath,3d ago,The EnclaveOur team has verified this property1005 W Stassney Ln,Austin,TX, 78745,,
497,497,"$1,399",1 Bed,1 Bath,3d ago,Tambaleo 23112311 S 5th St,Austin,TX, 78704,,
498,498,"$1,250",1 Bed,1 Bath,3d ago,1800 Patton Ln1800 Patton Ln,Austin,TX, 78723,,
499,499,"$1,195",1 Bed,1 Bath,3d ago,Harmon SquareOur team has verified this property4719 Harmon Ave,Austin,TX, 78751,,
500,500,"$1,335",1 Bed,1 Bath,3d ago,Ovation ApartmentsOur team has verified this property2425 E Riverside Dr,Austin,TX, 78741,,
501,501,"$1,100",1 Bed,1 Bath,4d ago,2602 Penny Lane2602 Penny Ln,Austin,TX, 78757,,
502,502,"$1,399",1 Bed,1 Bath,4d ago,12201 DESSAU RDOur team has verified this property12201 Dessau Rd ,Austin,TX, 78754,,
503,503,"$1,330",1 Bed,1 Bath,4d ago,10500 S IH 35Our team has verified this property10500 S Interstate 35 ,Austin,TX, 78748,,
504,504,"$1,477",1 Bed,1 Bath,4d ago,15222 NORTH FM 620Our team has verified this property15222 Ranch Road 620 N ,Austin,TX, 78717,,
505,505,"$1,750",1 Bed,1 Bath,4d ago,7400 N LAMAR BLVDOur team has verified this property7400 N Lamar Blvd ,Austin,TX, 78752,,
506,506,"$1,400",1 Bed,1 Bath,4d ago,1507 Canterbury Street,Austin,TX, 78702,,
507,507,"$2,491",1 Bed,1 Bath,4d ago,11721 Domain BlvdOur team has verified this property11721 Domain Blvd ,Austin,TX, 78758,,
508,508,"$2,176",1 Bed,1 Bath,4d ago,3621 West Slaughter LaneOur team has verified this property3621 W Slaughter Ln ,Austin,TX, 78749,,
509,509,"$2,385",1 Bed,1 Bath,4d ago,2501 Thornton RoadOur team has verified this property2501 Thornton Rd ,Austin,TX, 78704,,
510,510,"$2,045",1 Bed,1 Bath,4d ago,4525 GUADALUPE STOur team has verified this property4525 Guadalupe St,Austin,TX, 78751,,
511,511,"$1,160",1 Bed,1 Bath,4d ago,8524 BURNET RD.Our team has verified this property8524 Burnet Rd ,Austin,TX, 78757,,
512,512,"$1,201",1 Bed,1 Bath,4d ago,2907 and 2919 WEST AVEOur team has verified this property2907 and 2919 WEST AVE ,Austin,TX, 78705,,
513,513,"$1,195",1 Bed,1 Bath,4d ago,2310 WICKERSHAM LNOur team has verified this property2310 Wickersham Ln ,Austin,TX, 78741,,
514,514,"$1,395",1 Bed,1 Bath,4d ago,912 W. 22nd St.Our team has verified this property912 W 22nd St ,Austin,TX, 78705,,
515,515,"$1,400",1 Bed,1 Bath,4d ago,1301 WEST LYNNOur team has verified this property1301 W Lynn St ,Austin,TX, 78703,,
516,516,"$1,899",1 Bed,1 Bath,4d ago,3403 HARMON AVEOur team has verified this property3403 Harmon Ave ,Austin,TX, 78705,,
517,517,"$1,350",1 Bed,1 Bath,4d ago,2613 E CESAR CHAVEZOur team has verified this property2613 E Cesar Chavez St ,Austin,TX, 78702,,
518,518,"$1,306",1 Bed,1 Bath,4d ago,4306 N QUINLAN PARK RDOur team has verified this property4306 N Quinlan Park Rd ,Austin,TX, 78732,,
519,519,"$1,633",1 Bed,1 Bath,4d ago,11711 DOMAIN DROur team has verified this property11711 Domain Dr ,Austin,TX, 78758,,
520,520,"$1,195",1 Bed,1 Bath,4d ago,2323 TOWN LAKE CIROur team has verified this property2323 Town Lake Cir ,Austin,TX, 78741,,
521,521,"$1,475",1 Bed,1 Bath,4d ago,4520 BENNETT AVEOur team has verified this property4520 Bennett Ave ,Austin,TX, 78751,,
522,522,"$1,150",1 Bed,1 Bath,4d ago,2900 S 1st STOur team has verified this property2900 S 1st St ,Austin,TX, 78704,,
523,523,"$1,225",1 Bed,1 Bath,4d ago,2704 SALADOOur team has verified this property2704 Salado St ,Austin,TX, 78705,,
524,524,"$1,427",1 Bed,1 Bath,4d ago,3001 MEDICAL ARTS STOur team has verified this property3001 Medical Arts St ,Austin,TX, 78705,,
525,525,"$1,363",1 Bed,1 Bath,4d ago,9415 MCNEIL DROur team has verified this property9415 Mcneil Dr ,Austin,TX, 78750,,
526,526,"$1,295",1 Bed,1 Bath,4d ago,2410 LONGVIEWOur team has verified this property2410 Longview St ,Austin,TX, 78705,,
527,527,"$1,200",1 Bed,1 Bath,4d ago,12501 TECH RIDGEOur team has verified this property12501 Tech Ridge Blvd ,Austin,TX, 78753,,
528,528,"$1,183",1 Bed,1 Bath,4d ago,10101 W PARMER LNOur team has verified this property10101 W Parmer Ln ,Austin,TX, 78717,,
529,529,"$1,400",1 Bed,1 Bath,4d ago,5020 MANOR RDOur team has verified this property5020 Manor Rd ,Austin,TX, 78723,,
530,530,"$1,689",1 Bed,1 Bath,4d ago,2600 LAKE AUSTIN BLVDOur team has verified this property2600 Lake Austin Blvd ,Austin,TX, 78703,,
531,531,"$1,248",1 Bed,1 Bath,4d ago,9617 GREAT HILLS TROur team has verified this property9617 Great Hills Trl ,Austin,TX, 78759,,
532,532,"$1,168",1 Bed,1 Bath,4d ago,1800 STASSNEY LNOur team has verified this property1800 E Stassney Ln,Austin,TX, 78744,,
533,533,"$1,295",1 Bed,1 Bath,4d ago,610 30TH STOur team has verified this property610 W 30th St,Austin,TX, 78705,,
534,534,"$1,450",1 Bed,1 Bath,4d ago,109 and 203 W 39TH STOur team has verified this property109 and 203 W 39TH ST ,Austin,TX, 78751,,
535,535,"$1,550",1 Bed,1 Bath,4d ago,Tramor at the Quest CondominiumsOur team has verified this property4017 Victory Drive,Austin,TX, 78704,,
536,536,"$1,666",1 Bed,1 Bath,4d ago,Oak Park4505 Duval St,Austin,TX, 78751,,
537,537,"$1,800",1 Bed,1 Bath,4d ago,Mueller Condo - 1320 Robert Browning ,Austin,TX, 78723,,
538,538,"$1,450",1 Bed,1 Bath,4d ago,Fabulous landmark Downtown Austin property! Great downtown neighborhood!601 W 11th St,Austin,TX, 78701,,
539,539,"$3,060",1 Bed,1 Bath,4d ago,300 S Lamar Blvd ,Austin,TX, 78704,,
540,540,"$2,750",1 Bed,1 Bath,4d ago,2401 Aldrich St ,Austin,TX, 78723,,
541,541,"$2,540",1 Bed,1 Bath,4d ago,11601 Century Oaks Ter ,Austin,TX, 78758,,
542,542,"$1,225",1 Bed,1 Bath,4d ago,6707 Berkman DrOur team has verified this property6707 Berkman Dr,Austin,TX, 78723,,
543,543,"$1,275",1 Bed,1 Bath,5d+ ago,6th Street West Apartments AustinOur team has verified this property1616 West 6th Street,Austin,TX, 78703,,
544,544,"$1,200",1 Bed,1 Bath,5d+ ago,918 E 40th STOur team has verified this property918 E 40th St ,Austin,TX, 78751,,
545,545,"$1,299",1 Bed,1 Bath,5d+ ago,Rockwood Apartments8615 Rockwood Ln,Austin,TX, 78757,,
546,546,"$2,560",1 Bed,1 Bath,5d+ ago,1401 Art Dilly Dr ,Austin,TX, 78702,,
547,547,"$2,100",1 Bed,1 Bath,5d+ ago,800 Embassy Dr,Austin,TX, 78702,,
548,548,"$1,413",1 Bed,1 Bath,5d+ ago,Abelia Flats8225 N Fm 620 Rd,Austin,TX, 78726,,
549,549,"$1,250",1 Bed,1 Bath,5d+ ago,Cedar 31Our team has verified this property3008 Cedar St,Austin,TX, 78705,,
550,550,"$1,425",1 Bed,1 Bath,5d+ ago,Barton Ridge ApartmentsOur team has verified this property1501 Kinney Ave,Austin,TX, 78704,,
551,551,"$1,149",1 Bed,1 Bath,5d+ ago,5005 Manor Rd ,Austin,TX, 78723,,
552,552,"$3,310",1 Bed,1 Bath,5d+ ago,422 W Riverside Dr ,Austin,TX, 78704,,
553,553,"$1,395",1 Bed,1 Bath,5d+ ago,2320 Gracy Farms Ln ,Austin,TX, 78758,,
554,554,"$1,344",1 Bed,1 Bath,5d+ ago,Mesh2101 Elmont Dr,Austin,TX, 78741,,
555,555,"$2,509",1 Bed,1 Bath,5d+ ago,720 Airport Blvd ,Austin,TX, 78702,,
556,556,"$1,300",1 Bed,1 Bath,5d+ ago,2801 Hemphill Park ,Austin,TX, 78705,,
557,557,"$1,400",1 Bed,1 Bath,5d+ ago,2609 E Cesar Chavez St2609 E Cesar Chavez St,Austin,TX, 78702,,
558,558,"$1,150",1 Bed,1 Bath,5d+ ago,2803 Hemphill Park2803 Hemphill Park,Austin,TX, 78705,,
559,559,"$1,625",1 Bed,1 Bath,5d+ ago,3016 Guadalupe St ,Austin,TX, 78705,,
560,560,"$1,000",1 Bed,1 Bath,5d+ ago,12166 Metric Blvd ,Austin,TX, 78758,,
561,561,"$1,224",1 Bed,1 Bath,5d+ ago,2414 Ventura Drive2414 Ventura Dr,Austin,TX, 78741,,
562,562,"$2,550",1 Bed,1 Bath,5d+ ago,11400 Domain Dr ,Austin,TX, 78758,,
563,563,"$2,440",1 Bed,1 Bath,5d+ ago,6107 E Riverside Dr ,Austin,TX, 78741,,
564,564,"$1,300",1 Bed,1 Bath,5d+ ago,1612 Poppy Seed Ln,Austin,TX, 78741,,
565,565,"$4,400",1 Bed,1 Bath,5d+ ago,311 W 5th St ,Austin,TX, 78701,,
566,566,"$1,325",1 Bed,1 Bath,5d+ ago,Stonelake at the Arboretum9801 Stonelake Blvd,Austin,TX, 78759,,
567,567,"$1,197",1 Bed,1 Bath,5d+ ago,Renaissance at North Bend12345 Lamplight Village Ave,Austin,TX, 78758,,
568,568,"$1,390",1 Bed,1 Bath,5d+ ago,The Cove at Saddle Creek10601 Menchaca Rd,Austin,TX, 78748,,
569,569,"$1,310",1 Bed,1 Bath,5d+ ago,Jewel Apartment Homes1616 Royal Crest Dr,Austin,TX, 78741,,
570,570,"$1,595",1 Bed,1 Bath,5d+ ago,The Addison Apartments2601 Esperanza Xing,Austin,TX, 78758,,
571,571,"$3,010",1 Bed,1 Bath,5d+ ago,1717 Toomey Rd ,Austin,TX, 78704,,
572,572,"$2,800",1 Bed,1 Bath,5d+ ago,3201 Esperanza Xing ,Austin,TX, 78758,,
573,573,"$3,310",1 Bed,1 Bath,5d+ ago,422 W Riverside Dr ,Austin,TX, 78704,,
574,574,"$3,310",1 Bed,1 Bath,5d+ ago,422 W Riverside Dr ,Austin,TX, 78704,,
575,575,"$4,100",1 Bed,1 Bath,5d+ ago,615 W 7th St ,Austin,TX, 78701,,
576,576,"$3,330",1 Bed,1 Bath,5d+ ago,422 W Riverside Dr ,Austin,TX, 78704,,
577,577,"$2,040",1 Bed,1 Bath,5d+ ago,1301 W Koenig Ln ,Austin,TX, 78756,,
578,578,"$1,195",1 Bed,1 Bath,5d+ ago,12166 Metric Blvd ,Austin,TX, 78758,,
579,579,"$1,250",1 Bed,1 Bath,5d+ ago,Anderson Flats Apartments1220 W Anderson Ln,Austin,TX, 78757,,
580,580,"$1,426",1 Bed,1 Bath,5d+ ago,Bouldin Creek Apartments1329 W Mary St,Austin,TX, 78704,,
581,581,"$3,250",1 Bed,1 Bath,5d+ ago,1111 W 12th St ,Austin,TX, 78703,,
582,582,"$3,395",1 Bed,1 Bath,5d+ ago,301 West Ave ,Austin,TX, 78701,,
583,583,"$1,495",1 Bed,1 Bath,5d+ ago,Bellrock La Frontera16304 Fm 1325,Austin,TX, 78728,,
584,584,"$2,210",1 Bed,1 Bath,5d+ ago,1301 W Koenig Ln ,Austin,TX, 78756,,
585,585,"$3,220",1 Bed,1 Bath,5d+ ago,404 Rio Grande St ,Austin,TX, 78701,,
586,586,"$2,850",1 Bed,1 Bath,5d+ ago,2500 Longview St ,Austin,TX, 78705,,
587,587,"$1,618",1 Bed,1 Bath,5d+ ago,3505 S Lamar Blvd,Austin,TX, 78704,,
588,588,"$1,890",1 Bed,1 Bath,5d+ ago,1101 Grove Blvd ,Austin,TX, 78741,,
589,589,"$4,200",1 Bed,1 Bath,5d+ ago,501 West Ave ,Austin,TX, 78701,,
590,590,"$1,299",1 Bed,1 Bath,5d+ ago,4315 S 1st St ,Austin,TX, 78745,,
591,591,"$3,400",1 Bed,1 Bath,5d+ ago,70 Rainey St ,Austin,TX, 78701,,
592,592,"$1,350",1 Bed,1 Bath,5d+ ago,Tides at South Lamar3622 Menchaca Rd,Austin,TX, 78704,,
593,593,"$1,200",1 Bed,1 Bath,5d+ ago,4303 Duval Street4303 Duval St,Austin,TX, 78751,,
594,594,"$2,670",1 Bed,1 Bath,5d+ ago,2001 Ed Bluestein Blvd ,Austin,TX, 78721,,
595,595,"$1,179",1 Bed,1 Bath,5d+ ago,Volume2604 Manor Rd,Austin,TX, 78722,,
596,596,"$1,269",1 Bed,1 Bath,5d+ ago,Element at Austin1500 Royal Crest Dr,Austin,TX, 78741,,
597,597,"$1,149",1 Bed,1 Bath,5d+ ago,5005 Manor Rd5005 Manor Rd,Austin,TX, 78723,,
598,598,"$2,550",1 Bed,1 Bath,5d+ ago,3403 Harmon Ave ,Austin,TX, 78705,,
599,599,"$2,350",1 Bed,1 Bath,5d+ ago,1600 Barton Springs Rd ,Austin,TX, 78704,,
600,600,"$1,600",1 Bed,1 Bath,5d+ ago,1411 Norwalk Ln ,Austin,TX, 78703,,
601,601,"$1,125",1 Bed,1 Bath,5d+ ago,301 W. 29th St.301 W 29th St,Austin,TX, 78705,,
602,602,"$1,695",1 Bed,1 Bath,5d+ ago,Very Close to Lake Austin,Cute 1/1 Duplex701 Hearn St,Au,"stin, ",,
603,603,"$1,245",1 Bed,1 Bath,5d+ ago,407 E 45th St,Austin,TX, 78751,,
604,604,"$1,195",1 Bed,1 Bath,5d+ ago,5607 Sunshine Dr5607 Sunshine Dr,Austin,TX, 78756,,
605,605,"$2,670",1 Bed,1 Bath,5d+ ago,11501 Century Oaks Ter ,Austin,TX, 78758,,
606,606,"$2,350",1 Bed,1 Bath,5d+ ago,2209 Hancock Dr,Austin,TX, 78756,,
607,607,"$1,261",1 Bed,1 Bath,5d+ ago,109 West 39th Street109 W 39th St,Austin,TX, 78751,,
608,608,"$1,389",1 Bed,1 Bath,5d+ ago,S Interstate 35 Frontage Rd,Austin,TX, 73301,,
609,609,"$1,595",1 Bed,1 Bath,5d+ ago,2215 Post Rd ,Austin,TX, 78704,,
610,610,"$1,995",1 Bed,1 Bath,5d+ ago,507 Sabine St ,Austin,TX, 78701,,
611,611,"$1,600",1 Bed,1 Bath,5d+ ago,3212 Palm Way ,Austin,TX, 78758,,
612,612,"$1,830",1 Bed,1 Bath,5d+ ago,5313 Manor Rd ,Austin,TX, 78723,,
613,613,"$1,250",1 Bed,1 Bath,5d+ ago,3425 Willowrun Dr3425 Willowrun Dr,Austin,TX, 78704,,
614,614,"$2,940",1 Bed,1 Bath,5d+ ago,3201 Esperanza Xing ,Austin,TX, 78758,,
615,615,"$2,780",1 Bed,1 Bath,5d+ ago,11400 Domain Dr ,Austin,TX, 78758,,
616,616,"$2,780",1 Bed,1 Bath,5d+ ago,1900 Simond Ave ,Austin,TX, 78723,,
617,617,"$2,590",1 Bed,1 Bath,5d+ ago,109 Jacob Fontaine Ln ,Austin,TX, 78752,,
618,618,"$2,000",1 Bed,1 Bath,5d+ ago,1210 Windsor Rd ,Austin,TX, 78703,,
619,619,"$2,490",1 Bed,1 Bath,5d+ ago,2213 Poquito St ,Austin,TX, 78722,,
620,620,"$2,300",1 Bed,1 Bath,5d+ ago,3423 Willowrun Dr ,Austin,TX, 78704,,
621,621,"$2,310",1 Bed,1 Bath,5d+ ago,720 Airport Blvd ,Austin,TX, 78702,,
622,622,"$2,390",1 Bed,1 Bath,5d+ ago,720 Airport Blvd ,Austin,TX, 78702,,
623,623,"$1,800",1 Bed,1 Bath,5d+ ago,2121 W. William Cannon Drive2121 W William Cannon Dr,Austin,TX, 78745,,
624,624,"$1,410",1 Bed,1 Bath,5d+ ago,412 W Alpine Rd412 W Alpine Rd,Austin,TX, 78704,,
625,625,"$1,495",1 Bed,1 Bath,5d+ ago,5014 Eilers Ave.5014 Eilers Ave,Austin,TX, 78751,,
626,626,"$2,000",1 Bed,1 Bath,5d+ ago,1907 San Gabriel - 1031907 1907 San Gabriel - 103,Austin,TX, 78705,,
627,627,"$1,495",1 Bed,1 Bath,5d+ ago,2515 Pearl Street2515 Pearl St,Austin,TX, 78705,,
628,628,"$1,435",1 Bed,1 Bath,5d+ ago,Tides at Mueller5700 Cameron Rd,Austin,TX, 78723,,
629,629,"$1,650",1 Bed,1 Bath,5d+ ago,1514 Parker Ln ,Austin,TX, 78741,,
630,630,"$1,513",1 Bed,1 Bath,5d+ ago,600 South First St600 S 1st St,Austin,TX, 78704,,
631,631,"$1,264",1 Bed,1 Bath,5d+ ago,Kensington Terrace2207 Lawnmont Ave,Austin,TX, 78756,,
632,632,"$1,400",1 Bed,1 Bath,5d+ ago,Casa Del Rio Apartments3212 Red River St,Austin,TX, 78705,,
633,633,"$1,495",1 Bed,1 Bath,5d+ ago,1112 West 11th Street1112 W 11th St,Austin,TX, 78703,,
634,634,"$1,178",1 Bed,1 Bath,5d+ ago,6601 S Congress Ave6601 S Congress Ave,Austin,TX, 78745,,
635,635,"$1,765",1 Bed,1 Bath,5d+ ago,Parmer Townhomes ID 729596W Parmer Ln,Austin,TX, 78729,,
636,636,"$1,575",1 Bed,1 Bath,5d+ ago,2200 Panther Trail2200 Panther Trl,Austin,TX, 78704,,
637,637,"$1,495",1 Bed,1 Bath,5d+ ago,4013 Burnet Rd4013 Burnet Rd,Austin,TX, 78756,,
638,638,"$1,379",1 Bed,1 Bath,5d+ ago,Oaks Apartments130 Cumberland Rd,Austin,TX, 78704,,
639,639,"$1,189",1 Bed,1 Bath,5d+ ago,1200 W 40th1200 W 40th St,Austin,TX, 78756,,
640,640,"$1,224",1 Bed,1 Bath,5d+ ago,2507 Burleson Rd2507 Burleson Rd,Austin,TX, 78741,,
641,641,"$2,660",1 Bed,1 Bath,5d+ ago,1900 Simond Ave ,Austin,TX, 78723,,
642,642,"$1,200",1 Bed,1 Bath,5d+ ago,6509 Berkman Drive6509 Berkman Dr,Austin,TX, 78723,,
643,643,"$1,355",1 Bed,1 Bath,5d+ ago,Pointe 3606804 N Capital Of Texas Hwy,Austin,TX, 78731,,
644,644,"$1,245",1 Bed,1 Bath,5d+ ago,Cherry Hill Lofts5609 Cougar Dr,Austin,TX, 78745,,
645,645,"$1,399",1 Bed,1 Bath,5d+ ago,5005 Manor Rd ,Austin,TX, 78723,,
646,646,"$2,940",1 Bed,1 Bath,5d+ ago,1717 Toomey Rd ,Austin,TX, 78704,,
647,647,"$2,330",1 Bed,1 Bath,5d+ ago,720 Airport Blvd ,Austin,TX, 78702,,
648,648,"$2,910",1 Bed,1 Bath,5d+ ago,2401 Aldrich St ,Austin,TX, 78723,,
649,649,"$2,980",1 Bed,1 Bath,5d+ ago,1717 Toomey Rd ,Austin,TX, 78704,,
650,650,"$2,580",1 Bed,1 Bath,5d+ ago,3403 Harmon Ave ,Austin,TX, 78705,,
651,651,"$2,440",1 Bed,1 Bath,5d+ ago,6107 E Riverside Dr ,Austin,TX, 78741,,
652,652,"$2,320",1 Bed,1 Bath,5d+ ago,2900 Manor Rd ,Austin,TX, 78722,,
653,653,"$2,390",1 Bed,1 Bath,5d+ ago,10011 Stonelake Blvd ,Austin,TX, 78759,,
654,654,"$1,500",1 Bed,1 Bath,5d+ ago,4707 Trail Crest Cir,Austin,TX, 78735,,
655,655,"$1,445",1 Bed,1 Bath,5d+ ago,Iron Rock Ranch1215 W Slaughter Ln,Austin,TX, 78748,,
656,656,"$1,650",1 Bed,1 Bath,5d+ ago,4711 Spicewood Springs Rd ,Austin,TX, 78759,,
657,657,"$4,250",1 Bed,1 Bath,5d+ ago,210 Lavaca St ,Austin,TX, 78701,,
658,658,"$1,625",1 Bed,1 Bath,5d+ ago,12100 Archeleta Blvd,Austin,TX, 78739,,
659,659,"$1,600",1 Bed,1 Bath,5d+ ago,1401 E 4th St ,Austin,TX, 78702,,
660,660,"$2,995",1 Bed,1 Bath,5d+ ago,44 East Ave ,Austin,TX, 78701,,
661,661,"$3,750",1 Bed,1 Bath,5d+ ago,48 East Ave ,Austin,TX, 78701,,
662,662,"$1,500",1 Bed,1 Bath,5d+ ago,The Sidney4605 Avenue A,Austin,TX, 78751,,
663,663,"$1,250",1 Bed,1 Bath,5d+ ago,iConic at South 1st (FKA First Oak Place)4313 S 1st St,Austin,TX, 78745,,
664,664,"$1,069",1 Bed,1 Bath,5d+ ago,Solaris1601 Royal Crest Dr,Austin,TX, 78741,,
665,665,"$1,540",1 Bed,1 Bath,5d+ ago,711 West 32nd Street ,Austin,TX, 78705,,
666,666,"$1,165",1 Bed,1 Bath,5d+ ago,4553 Guadalupe Street ,Austin,TX, 78751,,
667,667,"$1,475",1 Bed,1 Bath,5d+ ago,7685 Northcross Dr ,Austin,TX, 78757,,
668,668,"$2,790",1 Bed,1 Bath,5d+ ago,3201 Esperanza Xing ,Austin,TX, 78758,,
669,669,"$1,250",1 Bed,1 Bath,5d+ ago,909 Reinli St ,Austin,TX, 78751,,
670,670,"$2,680",1 Bed,1 Bath,5d+ ago,3403 Harmon Ave ,Austin,TX, 78705,,
671,671,"$1,425",1 Bed,1 Bath,5d+ ago,4500 E Oltorf St ,Austin,TX, 78741,,
672,672,"$1,017",1 Bed,1 Bath,5d+ ago,7880 U.S. 290,Austin,TX, 78736,,
673,673,"$3,220",1 Bed,1 Bath,5d+ ago,422 W Riverside Dr ,Austin,TX, 78704,,
674,674,"$2,710",1 Bed,1 Bath,5d+ ago,1900 Simond Ave ,Austin,TX, 78723,,
675,675,"$1,450",1 Bed,1 Bath,5d+ ago,12000 North Lamar Boulevard,Austin,TX, 78753,,
676,676,"$2,550",1 Bed,1 Bath,5d+ ago,3403 Harmon Ave ,Austin,TX, 78705,,
677,677,"$1,239",1 Bed,1 Bath,5d+ ago,Bridge at Terracina8100 N Mopac Expy,Austin,TX, 78759,,
678,678,"$2,540",1 Bed,1 Bath,5d+ ago,3311 Rogers Rd ,Austin,TX, 78758,,
679,679,"$1,150",1 Bed,1 Bath,5d+ ago,9209 Northgate Blvd ,Austin,TX, 78758,,
680,680,"$1,375",1 Bed,1 Bath,5d+ ago,1904 Robbins Pl ,Austin,TX, 78705,,
681,681,"$1,194",1 Bed,1 Bath,5d+ ago,Mesh III2439 Town Lake Cir,Austin,TX, 78741,,
682,682,"$1,295",1 Bed,1 Bath,5d+ ago,City View at Mueller1106 Reinli St,Austin,TX, 78723,,
683,683,"$1,375",1 Bed,1 Bath,5d+ ago,8500 Avery Ranch Blvd ,Austin,TX, 73301,,
684,684,"$1,495",1 Bed,1 Bath,5d+ ago,1210 Lorrain St ,Austin,TX, 78703,,
685,685,"$1,395",1 Bed,1 Bath,5d+ ago,407 W 38th St ,Austin,TX, 78705,,
686,686,"$1,500",1 Bed,1 Bath,5d+ ago,Smoky Ridge & Pearce Rd,Austin,TX, 78730,,
687,687,"$1,000",1 Bed,1 Bath,5d+ ago,12166 Metric Blvd ,Austin,TX, 78758,,
688,688,"$3,789",1 Bed,1 Bath,5d+ ago,3201 Esperanza Xing ,Austin,TX, 78758,,
689,689,"$1,630",1 Bed,1 Bath,5d+ ago,3506 Menchaca Rd ,Austin,TX, 78704,,
690,690,"$3,849",1 Bed,1 Bath,5d+ ago,1000 E 5th St ,Austin,TX, 78702,,
691,691,"$1,950",1 Bed,1 Bath,5d+ ago,4361 S Congress Ave ,Austin,TX, 78745,,
692,692,"$1,795",1 Bed,1 Bath,5d+ ago,3300 Tom Green St3300 Tom Green St,Austin,TX, 78705,,
693,693,"$1,620",1 Bed,1 Bath,5d+ ago,8716 W Highway 71,Austin,TX, 78735,,
694,694,"$1,175",1 Bed,1 Bath,5d+ ago,2815 Rio Grande St ,Austin,TX, 78705,,
695,695,"$1,275",1 Bed,1 Bath,5d+ ago,2604 Salado St ,Austin,TX, 78705,,
696,696,"$1,350",1 Bed,1 Bath,5d+ ago,5414B Grover Ave,Austin,TX, 78756,,
697,697,"$1,350",1 Bed,1 Bath,5d+ ago,5413B Roosevelt Ave,Austin,TX, 78756,,
698,698,"$1,350",1 Bed,1 Bath,5d+ ago,5212B Guadalupe St,Austin,TX, 78751,,
699,699,"$1,340",1 Bed,1 Bath,5d+ ago,8819 Travis Hills Dr,Austin,TX, 78735,,
700,700,"$1,335",1 Bed,1 Bath,5d+ ago,2802 Nueces St ,Austin,TX, 78705,,
701,701,"$1,268",1 Bed,1 Bath,5d+ ago,7201 Hart Ln ,Austin,TX, 78731,,
702,702,"$1,350",1 Bed,1 Bath,5d+ ago,3840 Far West Blvd ,Austin,TX, 78731,,
703,703,"$1,359",1 Bed,1 Bath,5d+ ago,Collective on Riverside1515 Wickersham Ln,Austin,TX, 78741,,
704,704,"$1,030",1 Bed,1 Bath,5d+ ago,Bristol Heights12041 Dessau Rd,Austin,TX, 78754,,
705,705,"$1,643",1 Bed,1 Bath,5d+ ago,2101 Burton Dr ,Austin,TX, 78741,,
706,706,"$2,106",1 Bed,1 Bath,5d+ ago,7870 Highway 290 W ,Austin,TX, 78736,,
707,707,"$1,691",1 Bed,1 Bath,5d+ ago,4111 Guadalupe St,Austin,TX, 78751,,
708,708,"$1,270",1 Bed,1 Bath,5d+ ago,1106 W 22nd St ,Austin,TX, 78705,,
